/*
Navicat MySQL Data Transfer

Source Server         : 本地
Source Server Version : 50714
Source Host           : localhost:3306
Source Database       : a

Target Server Type    : MYSQL
Target Server Version : 50714
File Encoding         : 65001

Date: 2022-01-18 10:27:53
*/

SET FOREIGN_KEY_CHECKS=0;

-- ----------------------------
-- Table structure for act_evt_log
-- ----------------------------
DROP TABLE IF EXISTS `act_evt_log`;
CREATE TABLE `act_evt_log` (
  `LOG_NR_` bigint(20) NOT NULL AUTO_INCREMENT,
  `TYPE_` varchar(64) COLLATE utf8_bin DEFAULT NULL,
  `PROC_DEF_ID_` varchar(64) COLLATE utf8_bin DEFAULT NULL,
  `PROC_INST_ID_` varchar(64) COLLATE utf8_bin DEFAULT NULL,
  `EXECUTION_ID_` varchar(64) COLLATE utf8_bin DEFAULT NULL,
  `TASK_ID_` varchar(64) COLLATE utf8_bin DEFAULT NULL,
  `TIME_STAMP_` timestamp(3) NOT NULL DEFAULT CURRENT_TIMESTAMP(3) ON UPDATE CURRENT_TIMESTAMP(3),
  `USER_ID_` varchar(255) COLLATE utf8_bin DEFAULT NULL,
  `DATA_` longblob,
  `LOCK_OWNER_` varchar(255) COLLATE utf8_bin DEFAULT NULL,
  `LOCK_TIME_` timestamp(3) NULL DEFAULT NULL,
  `IS_PROCESSED_` tinyint(4) DEFAULT '0',
  PRIMARY KEY (`LOG_NR_`)
) ENGINE=InnoDB DEFAULT CHARSET=utf8 COLLATE=utf8_bin;

-- ----------------------------
-- Records of act_evt_log
-- ----------------------------

-- ----------------------------
-- Table structure for act_ge_bytearray
-- ----------------------------
DROP TABLE IF EXISTS `act_ge_bytearray`;
CREATE TABLE `act_ge_bytearray` (
  `ID_` varchar(64) COLLATE utf8_bin NOT NULL,
  `REV_` int(11) DEFAULT NULL,
  `NAME_` varchar(255) COLLATE utf8_bin DEFAULT NULL,
  `DEPLOYMENT_ID_` varchar(64) COLLATE utf8_bin DEFAULT NULL,
  `BYTES_` longblob,
  `GENERATED_` tinyint(4) DEFAULT NULL,
  PRIMARY KEY (`ID_`),
  KEY `ACT_FK_BYTEARR_DEPL` (`DEPLOYMENT_ID_`),
  CONSTRAINT `ACT_FK_BYTEARR_DEPL` FOREIGN KEY (`DEPLOYMENT_ID_`) REFERENCES `act_re_deployment` (`ID_`)
) ENGINE=InnoDB DEFAULT CHARSET=utf8 COLLATE=utf8_bin;

-- ----------------------------
-- Records of act_ge_bytearray
-- ----------------------------
INSERT INTO `act_ge_bytearray` VALUES ('2502', '1', 'C:\\code\\backend\\cmict-server\\cmict-activiti\\target\\classes\\process\\gansu_process.bpmn20.xml', '2501', 0x3C3F786D6C2076657273696F6E3D22312E302220656E636F64696E673D225554462D3822207374616E64616C6F6E653D22796573223F3E0D0A3C646566696E6974696F6E7320786D6C6E733D22687474703A2F2F7777772E6F6D672E6F72672F737065632F42504D4E2F32303130303532342F4D4F44454C2220786D6C6E733A61637469766974693D22687474703A2F2F61637469766974692E6F72672F62706D6E2220786D6C6E733A62706D6E64693D22687474703A2F2F7777772E6F6D672E6F72672F737065632F42504D4E2F32303130303532342F44492220786D6C6E733A6F6D6764633D22687474703A2F2F7777772E6F6D672E6F72672F737065632F44442F32303130303532342F44432220786D6C6E733A6F6D6764693D22687474703A2F2F7777772E6F6D672E6F72672F737065632F44442F32303130303532342F44492220786D6C6E733A746E733D22687474703A2F2F7777772E61637469766974692E6F72672F746573742220786D6C6E733A7873643D22687474703A2F2F7777772E77332E6F72672F323030312F584D4C536368656D612220786D6C6E733A7873693D22687474703A2F2F7777772E77332E6F72672F323030312F584D4C536368656D612D696E7374616E6365222065787072657373696F6E4C616E67756167653D22687474703A2F2F7777772E77332E6F72672F313939392F5850617468222069643D226D3136343138363434383735383722206E616D653D2222207461726765744E616D6573706163653D22687474703A2F2F7777772E61637469766974692E6F72672F746573742220747970654C616E67756167653D22687474703A2F2F7777772E77332E6F72672F323030312F584D4C536368656D61223E0D0A20203C70726F636573732069643D2267616E73755F70726F6365737322206973436C6F7365643D2266616C73652220697345786563757461626C653D227472756522206E616D653D227265706F7274222070726F63657373547970653D224E6F6E65223E0D0A202020203C757365725461736B2061637469766974693A61737369676E65653D22247B6F6E657D222061637469766974693A63616E64696461746547726F7570733D22E8BF90E890A5E7AEA1E79086E59198222061637469766974693A6578636C75736976653D2274727565222069643D226F6E6555736572496422206E616D653D22E4B880E7BAA7E5AEA1E6A0B8222F3E0D0A202020203C6578636C7573697665476174657761792067617465776179446972656374696F6E3D22556E737065636966696564222069643D226578636C7573697665676174657761793122206E616D653D224578636C75736976652047617465776179222F3E0D0A202020203C757365725461736B2061637469766974693A61737369676E65653D22247B74776F7D222061637469766974693A63616E64696461746547726F7570733D22E589AFE4B8BBE4BBBB222061637469766974693A6578636C75736976653D2274727565222069643D2274776F55736572496422206E616D653D22E4BA8CE7BAA7E5AEA1E6A0B8222F3E0D0A202020203C757365725461736B2061637469766974693A61737369676E65653D22247B6170706C797573657269647D222061637469766974693A6578636C75736976653D2274727565222069643D226D6F646966796170706C7922206E616D653D22E8B083E695B4222F3E0D0A202020203C6578636C7573697665476174657761792067617465776179446972656374696F6E3D22556E737065636966696564222069643D226578636C7573697665676174657761793222206E616D653D224578636C75736976652047617465776179222F3E0D0A202020203C6578636C7573697665476174657761792067617465776179446972656374696F6E3D22556E737065636966696564222069643D226578636C7573697665676174657761793322206E616D653D224578636C75736976652047617465776179222F3E0D0A202020203C73746172744576656E742061637469766974693A696E69746961746F723D22247B6170706C797573657269647D222069643D2273746172746576656E743122206E616D653D225374617274222F3E0D0A202020203C757365725461736B2061637469766974693A61737369676E65653D22247B66696E616C6C797D222061637469766974693A63616E64696461746547726F7570733D22E4B8BBE4BBBB222061637469766974693A6578636C75736976653D2274727565222069643D226469726563746F72496422206E616D653D22E7BB88E5AEA1222F3E0D0A202020203C656E644576656E742069643D227369642D30443946424131312D464638342D344142322D413935312D413939343446324446343237222F3E0D0A202020203C6578636C7573697665476174657761792067617465776179446972656374696F6E3D22556E737065636966696564222069643D227369642D42463744353235352D443546412D343837372D413545352D414330463041393145394131222F3E0D0A202020203C656E644576656E742069643D226D61696E456E64222F3E0D0A202020203C73657175656E6365466C6F772069643D22666C6F77372220736F757263655265663D226D6F646966796170706C7922207461726765745265663D226578636C75736976656761746577617932222F3E0D0A202020203C73657175656E6365466C6F772069643D22666C6F773822206E616D653D22E9878DE696B0E794B3E8AFB72220736F757263655265663D226578636C7573697665676174657761793222207461726765745265663D226F6E65557365724964223E0D0A2020202020203C636F6E646974696F6E45787072657373696F6E207873693A747970653D2274466F726D616C45787072657373696F6E223E0D0A20202020202020203C215B43444154415B247B72656170706C793D3D2774727565277D5D5D3E0D0A2020202020203C2F636F6E646974696F6E45787072657373696F6E3E0D0A202020203C2F73657175656E6365466C6F773E0D0A202020203C73657175656E6365466C6F772069643D227369642D44363939364546462D443845382D344436412D393144412D30463142454633323939333022206E616D653D22E7BB93E69D9F2220736F757263655265663D226578636C7573697665676174657761793222207461726765745265663D227369642D30443946424131312D464638342D344142322D413935312D413939343446324446343237222F3E0D0A202020203C73657175656E6365466C6F772069643D22666C6F77362220736F757263655265663D226F6E6555736572496422207461726765745265663D226578636C75736976656761746577617931222F3E0D0A202020203C73657175656E6365466C6F772069643D22666C6F7731342220736F757263655265663D2273746172746576656E743122207461726765745265663D226F6E65557365724964222F3E0D0A202020203C73657175656E6365466C6F772069643D22666C6F773322206E616D653D22E5908CE6848F2220736F757263655265663D226578636C7573697665676174657761793122207461726765745265663D2274776F557365724964223E0D0A2020202020203C636F6E646974696F6E45787072657373696F6E207873693A747970653D2274466F726D616C45787072657373696F6E223E0D0A20202020202020203C215B43444154415B247B6F6E65417070726F76653D3D2774727565277D5D5D3E0D0A2020202020203C2F636F6E646974696F6E45787072657373696F6E3E0D0A202020203C2F73657175656E6365466C6F773E0D0A202020203C73657175656E6365466C6F772069643D22666C6F773422206E616D653D22E68B92E7BB9D2220736F757263655265663D226578636C7573697665676174657761793122207461726765745265663D226D6F646966796170706C79223E0D0A2020202020203C636F6E646974696F6E45787072657373696F6E207873693A747970653D2274466F726D616C45787072657373696F6E223E0D0A20202020202020203C215B43444154415B247B6F6E65417070726F76653D3D2766616C7365277D5D5D3E0D0A2020202020203C2F636F6E646974696F6E45787072657373696F6E3E0D0A202020203C2F73657175656E6365466C6F773E0D0A202020203C73657175656E6365466C6F772069643D22666C6F7731302220736F757263655265663D2274776F55736572496422207461726765745265663D226578636C75736976656761746577617933222F3E0D0A202020203C73657175656E6365466C6F772069643D22666C6F77313222206E616D653D22E5908CE6848F2220736F757263655265663D226578636C7573697665676174657761793322207461726765745265663D226469726563746F724964223E0D0A2020202020203C636F6E646974696F6E45787072657373696F6E207873693A747970653D2274466F726D616C45787072657373696F6E223E0D0A20202020202020203C215B43444154415B247B74776F417070726F76653D3D2774727565277D5D5D3E0D0A2020202020203C2F636F6E646974696F6E45787072657373696F6E3E0D0A202020203C2F73657175656E6365466C6F773E0D0A202020203C73657175656E6365466C6F772069643D22666C6F77313122206E616D653D22E68B92E7BB9D2220736F757263655265663D226578636C7573697665676174657761793322207461726765745265663D226D6F646966796170706C79223E0D0A2020202020203C636F6E646974696F6E45787072657373696F6E207873693A747970653D2274466F726D616C45787072657373696F6E223E0D0A20202020202020203C215B43444154415B247B74776F417070726F76653D3D2766616C7365277D5D5D3E0D0A2020202020203C2F636F6E646974696F6E45787072657373696F6E3E0D0A202020203C2F73657175656E6365466C6F773E0D0A202020203C73657175656E6365466C6F772069643D22666C6F7731362220736F757263655265663D226469726563746F72496422207461726765745265663D227369642D42463744353235352D443546412D343837372D413545352D414330463041393145394131222F3E0D0A202020203C73657175656E6365466C6F772069643D22666C6F77313822206E616D653D22E5908CE6848F2220736F757263655265663D227369642D42463744353235352D443546412D343837372D413545352D41433046304139314539413122207461726765745265663D226D61696E456E64223E0D0A2020202020203C636F6E646974696F6E45787072657373696F6E207873693A747970653D2274466F726D616C45787072657373696F6E223E0D0A20202020202020203C215B43444154415B247B66696E616C6C79417070726F76653D3D2774727565277D5D5D3E0D0A2020202020203C2F636F6E646974696F6E45787072657373696F6E3E0D0A202020203C2F73657175656E6365466C6F773E0D0A202020203C73657175656E6365466C6F772069643D22666C6F77313722206E616D653D22E68B92E7BB9D2220736F757263655265663D227369642D42463744353235352D443546412D343837372D413545352D41433046304139314539413122207461726765745265663D226D6F646966796170706C79223E0D0A2020202020203C636F6E646974696F6E45787072657373696F6E207873693A747970653D2274466F726D616C45787072657373696F6E223E0D0A20202020202020203C215B43444154415B247B74776F417070726F76653D3D2766616C7365277D5D5D3E0D0A2020202020203C2F636F6E646974696F6E45787072657373696F6E3E0D0A202020203C2F73657175656E6365466C6F773E0D0A20203C2F70726F636573733E0D0A20203C62706D6E64693A42504D4E4469616772616D20646F63756D656E746174696F6E3D226261636B67726F756E643D234646464646463B636F756E743D313B686F72697A6F6E74616C636F756E743D313B6F7269656E746174696F6E3D303B77696474683D3834322E343B6865696768743D313139352E323B696D61676561626C6557696474683D3833322E343B696D61676561626C654865696768743D313138352E323B696D61676561626C65583D352E303B696D61676561626C65593D352E30222069643D224469616772616D2D5F3122206E616D653D224E6577204469616772616D223E0D0A202020203C62706D6E64693A42504D4E506C616E652062706D6E456C656D656E743D2267616E73755F70726F63657373223E0D0A2020202020203C62706D6E64693A42504D4E53686170652062706D6E456C656D656E743D226F6E65557365724964222069643D2253686170652D6F6E65557365724964223E0D0A20202020202020203C6F6D6764633A426F756E6473206865696768743D2235352E30222077696474683D223130352E302220783D223232352E302220793D223231302E30222F3E0D0A20202020202020203C62706D6E64693A42504D4E4C6162656C3E0D0A202020202020202020203C6F6D6764633A426F756E6473206865696768743D2235352E30222077696474683D223130352E302220783D22302E302220793D22302E30222F3E0D0A20202020202020203C2F62706D6E64693A42504D4E4C6162656C3E0D0A2020202020203C2F62706D6E64693A42504D4E53686170653E0D0A2020202020203C62706D6E64693A42504D4E53686170652062706D6E456C656D656E743D226578636C75736976656761746577617931222069643D2253686170652D6578636C75736976656761746577617931222069734D61726B657256697369626C653D2266616C7365223E0D0A20202020202020203C6F6D6764633A426F756E6473206865696768743D2233322E30222077696474683D2233322E302220783D223339302E302220793D223231372E35222F3E0D0A20202020202020203C62706D6E64693A42504D4E4C6162656C3E0D0A202020202020202020203C6F6D6764633A426F756E6473206865696768743D2233322E30222077696474683D2233322E302220783D22302E302220793D22302E30222F3E0D0A20202020202020203C2F62706D6E64693A42504D4E4C6162656C3E0D0A2020202020203C2F62706D6E64693A42504D4E53686170653E0D0A2020202020203C62706D6E64693A42504D4E53686170652062706D6E456C656D656E743D2274776F557365724964222069643D2253686170652D74776F557365724964223E0D0A20202020202020203C6F6D6764633A426F756E6473206865696768743D2235352E30222077696474683D223130352E302220783D223438302E302220793D223231302E30222F3E0D0A20202020202020203C62706D6E64693A42504D4E4C6162656C3E0D0A202020202020202020203C6F6D6764633A426F756E6473206865696768743D2235352E30222077696474683D223130352E302220783D22302E302220793D22302E30222F3E0D0A20202020202020203C2F62706D6E64693A42504D4E4C6162656C3E0D0A2020202020203C2F62706D6E64693A42504D4E53686170653E0D0A2020202020203C62706D6E64693A42504D4E53686170652062706D6E456C656D656E743D226D6F646966796170706C79222069643D2253686170652D6D6F646966796170706C79223E0D0A20202020202020203C6F6D6764633A426F756E6473206865696768743D2235352E30222077696474683D223130352E302220783D223335372E352220793D223331302E30222F3E0D0A20202020202020203C62706D6E64693A42504D4E4C6162656C3E0D0A202020202020202020203C6F6D6764633A426F756E6473206865696768743D2235352E30222077696474683D223130352E302220783D22302E302220793D22302E30222F3E0D0A20202020202020203C2F62706D6E64693A42504D4E4C6162656C3E0D0A2020202020203C2F62706D6E64693A42504D4E53686170653E0D0A2020202020203C62706D6E64693A42504D4E53686170652062706D6E456C656D656E743D226578636C75736976656761746577617932222069643D2253686170652D6578636C75736976656761746577617932222069734D61726B657256697369626C653D2266616C7365223E0D0A20202020202020203C6F6D6764633A426F756E6473206865696768743D2233322E30222077696474683D2233322E302220783D223533352E302220793D223431302E30222F3E0D0A20202020202020203C62706D6E64693A42504D4E4C6162656C3E0D0A202020202020202020203C6F6D6764633A426F756E6473206865696768743D2233322E30222077696474683D2233322E302220783D22302E302220793D22302E30222F3E0D0A20202020202020203C2F62706D6E64693A42504D4E4C6162656C3E0D0A2020202020203C2F62706D6E64693A42504D4E53686170653E0D0A2020202020203C62706D6E64693A42504D4E53686170652062706D6E456C656D656E743D226578636C75736976656761746577617933222069643D2253686170652D6578636C75736976656761746577617933222069734D61726B657256697369626C653D2266616C7365223E0D0A20202020202020203C6F6D6764633A426F756E6473206865696768743D2233322E30222077696474683D2233322E302220783D223639302E302220793D223231372E35222F3E0D0A20202020202020203C62706D6E64693A42504D4E4C6162656C3E0D0A202020202020202020203C6F6D6764633A426F756E6473206865696768743D2233322E30222077696474683D2233322E302220783D22302E302220793D22302E30222F3E0D0A20202020202020203C2F62706D6E64693A42504D4E4C6162656C3E0D0A2020202020203C2F62706D6E64693A42504D4E53686170653E0D0A2020202020203C62706D6E64693A42504D4E53686170652062706D6E456C656D656E743D2273746172746576656E7431222069643D2253686170652D73746172746576656E7431223E0D0A20202020202020203C6F6D6764633A426F756E6473206865696768743D2233322E30222077696474683D2233322E302220783D223132302E302220793D223232322E35222F3E0D0A20202020202020203C62706D6E64693A42504D4E4C6162656C3E0D0A202020202020202020203C6F6D6764633A426F756E6473206865696768743D2233322E30222077696474683D2233322E302220783D22302E302220793D22302E30222F3E0D0A20202020202020203C2F62706D6E64693A42504D4E4C6162656C3E0D0A2020202020203C2F62706D6E64693A42504D4E53686170653E0D0A2020202020203C62706D6E64693A42504D4E53686170652062706D6E456C656D656E743D226469726563746F724964222069643D2253686170652D6469726563746F724964223E0D0A20202020202020203C6F6D6764633A426F756E6473206865696768743D2238302E30222077696474683D223130302E302220783D223738302E302220793D223139342E30222F3E0D0A20202020202020203C62706D6E64693A42504D4E4C6162656C3E0D0A202020202020202020203C6F6D6764633A426F756E6473206865696768743D2238302E30222077696474683D223130302E302220783D22302E302220793D22302E30222F3E0D0A20202020202020203C2F62706D6E64693A42504D4E4C6162656C3E0D0A2020202020203C2F62706D6E64693A42504D4E53686170653E0D0A2020202020203C62706D6E64693A42504D4E53686170652062706D6E456C656D656E743D227369642D30443946424131312D464638342D344142322D413935312D413939343446324446343237222069643D2253686170652D7369642D30443946424131312D464638342D344142322D413935312D413939343446324446343237223E0D0A20202020202020203C6F6D6764633A426F756E6473206865696768743D2233322E30222077696474683D2233322E302220783D223632302E302220793D223431362E30222F3E0D0A20202020202020203C62706D6E64693A42504D4E4C6162656C3E0D0A202020202020202020203C6F6D6764633A426F756E6473206865696768743D2233322E30222077696474683D2233322E302220783D22302E302220793D22302E30222F3E0D0A20202020202020203C2F62706D6E64693A42504D4E4C6162656C3E0D0A2020202020203C2F62706D6E64693A42504D4E53686170653E0D0A2020202020203C62706D6E64693A42504D4E53686170652062706D6E456C656D656E743D227369642D42463744353235352D443546412D343837372D413545352D414330463041393145394131222069643D2253686170652D7369642D42463744353235352D443546412D343837372D413545352D414330463041393145394131222069734D61726B657256697369626C653D2266616C7365223E0D0A20202020202020203C6F6D6764633A426F756E6473206865696768743D2233322E30222077696474683D2233322E302220783D223933302E302220793D223231342E30222F3E0D0A20202020202020203C62706D6E64693A42504D4E4C6162656C3E0D0A202020202020202020203C6F6D6764633A426F756E6473206865696768743D2233322E30222077696474683D2233322E302220783D22302E302220793D22302E30222F3E0D0A20202020202020203C2F62706D6E64693A42504D4E4C6162656C3E0D0A2020202020203C2F62706D6E64693A42504D4E53686170653E0D0A2020202020203C62706D6E64693A42504D4E53686170652062706D6E456C656D656E743D226D61696E456E64222069643D2253686170652D6D61696E456E64223E0D0A20202020202020203C6F6D6764633A426F756E6473206865696768743D2233322E30222077696474683D2233322E302220783D22313031352E302220793D223232302E30222F3E0D0A20202020202020203C62706D6E64693A42504D4E4C6162656C3E0D0A202020202020202020203C6F6D6764633A426F756E6473206865696768743D2233322E30222077696474683D2233322E302220783D22302E302220793D22302E30222F3E0D0A20202020202020203C2F62706D6E64693A42504D4E4C6162656C3E0D0A2020202020203C2F62706D6E64693A42504D4E53686170653E0D0A2020202020203C62706D6E64693A42504D4E456467652062706D6E456C656D656E743D22666C6F7733222069643D2242504D4E456467655F666C6F77332220736F75726365456C656D656E743D226578636C757369766567617465776179312220746172676574456C656D656E743D2274776F557365724964223E0D0A20202020202020203C6F6D6764693A776179706F696E7420783D223432312E352220793D223233332E35222F3E0D0A20202020202020203C6F6D6764693A776179706F696E7420783D223438302E302220793D223233372E35222F3E0D0A20202020202020203C62706D6E64693A42504D4E4C6162656C3E0D0A202020202020202020203C6F6D6764633A426F756E6473206865696768743D222D312E30222077696474683D222D312E302220783D222D312E302220793D222D312E30222F3E0D0A20202020202020203C2F62706D6E64693A42504D4E4C6162656C3E0D0A2020202020203C2F62706D6E64693A42504D4E456467653E0D0A2020202020203C62706D6E64693A42504D4E456467652062706D6E456C656D656E743D22666C6F7734222069643D2242504D4E456467655F666C6F77342220736F75726365456C656D656E743D226578636C757369766567617465776179312220746172676574456C656D656E743D226D6F646966796170706C79223E0D0A20202020202020203C6F6D6764693A776179706F696E7420783D223430362E302220793D223235302E30222F3E0D0A20202020202020203C6F6D6764693A776179706F696E7420783D223430362E302220793D223331302E30222F3E0D0A20202020202020203C62706D6E64693A42504D4E4C6162656C3E0D0A202020202020202020203C6F6D6764633A426F756E6473206865696768743D222D312E30222077696474683D222D312E302220783D222D312E302220793D222D312E30222F3E0D0A20202020202020203C2F62706D6E64693A42504D4E4C6162656C3E0D0A2020202020203C2F62706D6E64693A42504D4E456467653E0D0A2020202020203C62706D6E64693A42504D4E456467652062706D6E456C656D656E743D22666C6F7736222069643D2242504D4E456467655F666C6F77362220736F75726365456C656D656E743D226F6E655573657249642220746172676574456C656D656E743D226578636C75736976656761746577617931223E0D0A20202020202020203C6F6D6764693A776179706F696E7420783D223333302E302220793D223233372E35222F3E0D0A20202020202020203C6F6D6764693A776179706F696E7420783D223339302E352220793D223233332E35222F3E0D0A20202020202020203C62706D6E64693A42504D4E4C6162656C3E0D0A202020202020202020203C6F6D6764633A426F756E6473206865696768743D222D312E30222077696474683D222D312E302220783D222D312E302220793D222D312E30222F3E0D0A20202020202020203C2F62706D6E64693A42504D4E4C6162656C3E0D0A2020202020203C2F62706D6E64693A42504D4E456467653E0D0A2020202020203C62706D6E64693A42504D4E456467652062706D6E456C656D656E743D22666C6F7737222069643D2242504D4E456467655F666C6F77372220736F75726365456C656D656E743D226D6F646966796170706C792220746172676574456C656D656E743D226578636C75736976656761746577617932223E0D0A20202020202020203C6F6D6764693A776179706F696E7420783D223431302E302220793D223336352E30222F3E0D0A20202020202020203C6F6D6764693A776179706F696E7420783D223431302E302220793D223338372E30222F3E0D0A20202020202020203C6F6D6764693A776179706F696E7420783D223535352E302220793D223338372E30222F3E0D0A20202020202020203C6F6D6764693A776179706F696E7420783D223533352E302220793D223432362E30222F3E0D0A20202020202020203C62706D6E64693A42504D4E4C6162656C3E0D0A202020202020202020203C6F6D6764633A426F756E6473206865696768743D222D312E30222077696474683D222D312E302220783D222D312E302220793D222D312E30222F3E0D0A20202020202020203C2F62706D6E64693A42504D4E4C6162656C3E0D0A2020202020203C2F62706D6E64693A42504D4E456467653E0D0A2020202020203C62706D6E64693A42504D4E456467652062706D6E456C656D656E743D22666C6F7738222069643D2242504D4E456467655F666C6F77382220736F75726365456C656D656E743D226578636C757369766567617465776179322220746172676574456C656D656E743D226F6E65557365724964223E0D0A20202020202020203C6F6D6764693A776179706F696E7420783D223533382E302220793D223432392E30222F3E0D0A20202020202020203C6F6D6764693A776179706F696E7420783D223237372E302220793D223432392E30222F3E0D0A20202020202020203C6F6D6764693A776179706F696E7420783D223237372E302220793D223236352E30222F3E0D0A20202020202020203C62706D6E64693A42504D4E4C6162656C3E0D0A202020202020202020203C6F6D6764633A426F756E6473206865696768743D222D312E30222077696474683D222D312E302220783D222D312E302220793D222D312E30222F3E0D0A20202020202020203C2F62706D6E64693A42504D4E4C6162656C3E0D0A2020202020203C2F62706D6E64693A42504D4E456467653E0D0A2020202020203C62706D6E64693A42504D4E456467652062706D6E456C656D656E743D227369642D44363939364546462D443845382D344436412D393144412D304631424546333239393330222069643D2242504D4E456467655F7369642D44363939364546462D443845382D344436412D393144412D3046314245463332393933302220736F75726365456C656D656E743D226578636C757369766567617465776179322220746172676574456C656D656E743D227369642D30443946424131312D464638342D344142322D413935312D413939343446324446343237223E0D0A20202020202020203C6F6D6764693A776179706F696E7420783D223536372E302220793D223432362E30222F3E0D0A20202020202020203C6F6D6764693A776179706F696E7420783D223632302E302220793D223433322E30222F3E0D0A20202020202020203C62706D6E64693A42504D4E4C6162656C3E0D0A202020202020202020203C6F6D6764633A426F756E6473206865696768743D222D312E30222077696474683D222D312E302220783D222D312E302220793D222D312E30222F3E0D0A20202020202020203C2F62706D6E64693A42504D4E4C6162656C3E0D0A2020202020203C2F62706D6E64693A42504D4E456467653E0D0A2020202020203C62706D6E64693A42504D4E456467652062706D6E456C656D656E743D22666C6F773137222069643D2242504D4E456467655F666C6F7731372220736F75726365456C656D656E743D227369642D42463744353235352D443546412D343837372D413545352D4143304630413931453941312220746172676574456C656D656E743D226D6F646966796170706C79223E0D0A20202020202020203C6F6D6764693A776179706F696E7420783D223935302E302220793D223234322E30222F3E0D0A20202020202020203C6F6D6764693A776179706F696E7420783D223935302E302220793D223333372E30222F3E0D0A20202020202020203C6F6D6764693A776179706F696E7420783D223436332E302220793D223333372E30222F3E0D0A20202020202020203C62706D6E64693A42504D4E4C6162656C3E0D0A202020202020202020203C6F6D6764633A426F756E6473206865696768743D222D312E30222077696474683D222D312E302220783D222D312E302220793D222D312E30222F3E0D0A20202020202020203C2F62706D6E64693A42504D4E4C6162656C3E0D0A2020202020203C2F62706D6E64693A42504D4E456467653E0D0A2020202020203C62706D6E64693A42504D4E456467652062706D6E456C656D656E743D22666C6F773138222069643D2242504D4E456467655F666C6F7731382220736F75726365456C656D656E743D227369642D42463744353235352D443546412D343837372D413545352D4143304630413931453941312220746172676574456C656D656E743D226D61696E456E64223E0D0A20202020202020203C6F6D6764693A776179706F696E7420783D223936322E302220793D223233302E30222F3E0D0A20202020202020203C6F6D6764693A776179706F696E7420783D22313031352E302220793D223233362E30222F3E0D0A20202020202020203C62706D6E64693A42504D4E4C6162656C3E0D0A202020202020202020203C6F6D6764633A426F756E6473206865696768743D222D312E30222077696474683D222D312E302220783D222D312E302220793D222D312E30222F3E0D0A20202020202020203C2F62706D6E64693A42504D4E4C6162656C3E0D0A2020202020203C2F62706D6E64693A42504D4E456467653E0D0A2020202020203C62706D6E64693A42504D4E456467652062706D6E456C656D656E743D22666C6F773134222069643D2242504D4E456467655F666C6F7731342220736F75726365456C656D656E743D2273746172746576656E74312220746172676574456C656D656E743D226F6E65557365724964223E0D0A20202020202020203C6F6D6764693A776179706F696E7420783D223135312E39393231383535393137313934382220793D223233382E35222F3E0D0A20202020202020203C6F6D6764693A776179706F696E7420783D223232352E302220793D223233372E35222F3E0D0A20202020202020203C62706D6E64693A42504D4E4C6162656C3E0D0A202020202020202020203C6F6D6764633A426F756E6473206865696768743D222D312E30222077696474683D222D312E302220783D222D312E302220793D222D312E30222F3E0D0A20202020202020203C2F62706D6E64693A42504D4E4C6162656C3E0D0A2020202020203C2F62706D6E64693A42504D4E456467653E0D0A2020202020203C62706D6E64693A42504D4E456467652062706D6E456C656D656E743D22666C6F773136222069643D2242504D4E456467655F666C6F7731362220736F75726365456C656D656E743D226469726563746F7249642220746172676574456C656D656E743D227369642D42463744353235352D443546412D343837372D413545352D414330463041393145394131223E0D0A20202020202020203C6F6D6764693A776179706F696E7420783D223838302E302220793D223233342E30222F3E0D0A20202020202020203C6F6D6764693A776179706F696E7420783D223933302E302220793D223233302E30222F3E0D0A20202020202020203C62706D6E64693A42504D4E4C6162656C3E0D0A202020202020202020203C6F6D6764633A426F756E6473206865696768743D222D312E30222077696474683D222D312E302220783D222D312E302220793D222D312E30222F3E0D0A20202020202020203C2F62706D6E64693A42504D4E4C6162656C3E0D0A2020202020203C2F62706D6E64693A42504D4E456467653E0D0A2020202020203C62706D6E64693A42504D4E456467652062706D6E456C656D656E743D22666C6F773130222069643D2242504D4E456467655F666C6F7731302220736F75726365456C656D656E743D2274776F5573657249642220746172676574456C656D656E743D226578636C75736976656761746577617933223E0D0A20202020202020203C6F6D6764693A776179706F696E7420783D223538352E302220793D223233372E35222F3E0D0A20202020202020203C6F6D6764693A776179706F696E7420783D223639302E352220793D223233332E35222F3E0D0A20202020202020203C62706D6E64693A42504D4E4C6162656C3E0D0A202020202020202020203C6F6D6764633A426F756E6473206865696768743D222D312E30222077696474683D222D312E302220783D222D312E302220793D222D312E30222F3E0D0A20202020202020203C2F62706D6E64693A42504D4E4C6162656C3E0D0A2020202020203C2F62706D6E64693A42504D4E456467653E0D0A2020202020203C62706D6E64693A42504D4E456467652062706D6E456C656D656E743D22666C6F773131222069643D2242504D4E456467655F666C6F7731312220736F75726365456C656D656E743D226578636C757369766567617465776179332220746172676574456C656D656E743D226D6F646966796170706C79223E0D0A20202020202020203C6F6D6764693A776179706F696E7420783D223731302E302220793D223234362E30222F3E0D0A20202020202020203C6F6D6764693A776179706F696E7420783D223731302E302220793D223333372E30222F3E0D0A20202020202020203C6F6D6764693A776179706F696E7420783D223436332E302220793D223333372E30222F3E0D0A20202020202020203C62706D6E64693A42504D4E4C6162656C3E0D0A202020202020202020203C6F6D6764633A426F756E6473206865696768743D222D312E30222077696474683D222D312E302220783D222D312E302220793D222D312E30222F3E0D0A20202020202020203C2F62706D6E64693A42504D4E4C6162656C3E0D0A2020202020203C2F62706D6E64693A42504D4E456467653E0D0A2020202020203C62706D6E64693A42504D4E456467652062706D6E456C656D656E743D22666C6F773132222069643D2242504D4E456467655F666C6F7731322220736F75726365456C656D656E743D226578636C757369766567617465776179332220746172676574456C656D656E743D226469726563746F724964223E0D0A20202020202020203C6F6D6764693A776179706F696E7420783D223732312E352220793D223233332E35222F3E0D0A20202020202020203C6F6D6764693A776179706F696E7420783D223738302E302220793D223233342E30222F3E0D0A20202020202020203C62706D6E64693A42504D4E4C6162656C3E0D0A202020202020202020203C6F6D6764633A426F756E6473206865696768743D222D312E30222077696474683D222D312E302220783D222D312E302220793D222D312E30222F3E0D0A20202020202020203C2F62706D6E64693A42504D4E4C6162656C3E0D0A2020202020203C2F62706D6E64693A42504D4E456467653E0D0A202020203C2F62706D6E64693A42504D4E506C616E653E0D0A20203C2F62706D6E64693A42504D4E4469616772616D3E0D0A3C2F646566696E6974696F6E733E0D0A, '0');
INSERT INTO `act_ge_bytearray` VALUES ('2503', '1', 'C:\\code\\backend\\cmict-server\\cmict-activiti\\target\\classes\\process\\provincePocess.bpmn20.xml', '2501', 0x3C3F786D6C2076657273696F6E3D22312E302220656E636F64696E673D225554462D38223F3E0D0A3C646566696E6974696F6E7320786D6C6E733D22687474703A2F2F7777772E6F6D672E6F72672F737065632F42504D4E2F32303130303532342F4D4F44454C2220786D6C6E733A7873693D22687474703A2F2F7777772E77332E6F72672F323030312F584D4C536368656D612D696E7374616E63652220786D6C6E733A7873643D22687474703A2F2F7777772E77332E6F72672F323030312F584D4C536368656D612220786D6C6E733A61637469766974693D22687474703A2F2F61637469766974692E6F72672F62706D6E2220786D6C6E733A62706D6E64693D22687474703A2F2F7777772E6F6D672E6F72672F737065632F42504D4E2F32303130303532342F44492220786D6C6E733A6F6D6764633D22687474703A2F2F7777772E6F6D672E6F72672F737065632F44442F32303130303532342F44432220786D6C6E733A6F6D6764693D22687474703A2F2F7777772E6F6D672E6F72672F737065632F44442F32303130303532342F44492220747970654C616E67756167653D22687474703A2F2F7777772E77332E6F72672F323030312F584D4C536368656D61222065787072657373696F6E4C616E67756167653D22687474703A2F2F7777772E77332E6F72672F313939392F585061746822207461726765744E616D6573706163653D22687474703A2F2F7777772E61637469766974692E6F72672F70726F63657373646566223E0D0A20203C70726F636573732069643D2270726F76696E6365506F636573732220697345786563757461626C653D2274727565223E0D0A202020203C73746172744576656E742069643D227374617274222061637469766974693A696E69746961746F723D22247B6170706C797573657269647D223E3C2F73746172744576656E743E0D0A202020203C73756250726F636573732069643D2273756270726F6365737322206E616D653D22E5AD90E6B581E7A88B223E0D0A2020202020203C73746172744576656E742069643D227375627374617274223E3C2F73746172744576656E743E0D0A2020202020203C757365725461736B2069643D2270726F76696E6365496422206E616D653D22E79C81E995BF222061637469766974693A61737369676E65653D22247B70726F76696E6365557365727D222061637469766974693A63616E64696461746547726F7570733D22E79C81E995BF223E0D0A20202020202020203C6D756C7469496E7374616E63654C6F6F7043686172616374657269737469637320697353657175656E7469616C3D2266616C7365222061637469766974693A636F6C6C656374696F6E3D2270726F76696E63654C697374222061637469766974693A656C656D656E745661726961626C653D2270726F76696E636555736572223E3C2F6D756C7469496E7374616E63654C6F6F704368617261637465726973746963733E0D0A2020202020203C2F757365725461736B3E0D0A2020202020203C656E644576656E742069643D22656E64223E3C2F656E644576656E743E0D0A2020202020203C73657175656E6365466C6F772069643D22666C6F77322220736F757263655265663D22737562737461727422207461726765745265663D2270726F76696E63654964223E3C2F73657175656E6365466C6F773E0D0A2020202020203C73657175656E6365466C6F772069643D22666C6F77332220736F757263655265663D2270726F76696E6365496422207461726765745265663D22656E64223E3C2F73657175656E6365466C6F773E0D0A202020203C2F73756250726F636573733E0D0A202020203C73657175656E6365466C6F772069643D22666C6F77312220736F757263655265663D22737461727422207461726765745265663D2273756270726F63657373223E3C2F73657175656E6365466C6F773E0D0A20203C2F70726F636573733E0D0A20203C62706D6E64693A42504D4E4469616772616D2069643D2242504D4E4469616772616D5F70726F76696E6365506F63657373223E0D0A202020203C62706D6E64693A42504D4E506C616E652062706D6E456C656D656E743D2270726F76696E6365506F63657373222069643D2242504D4E506C616E655F70726F76696E6365506F63657373223E0D0A2020202020203C62706D6E64693A42504D4E53686170652062706D6E456C656D656E743D227374617274222069643D2242504D4E53686170655F7374617274223E0D0A20202020202020203C6F6D6764633A426F756E6473206865696768743D2233302E30222077696474683D2233302E302220783D223135302E302220793D223230342E35223E3C2F6F6D6764633A426F756E64733E0D0A2020202020203C2F62706D6E64693A42504D4E53686170653E0D0A2020202020203C62706D6E64693A42504D4E53686170652062706D6E456C656D656E743D2273756270726F63657373222069643D2242504D4E53686170655F73756270726F63657373223E0D0A20202020202020203C6F6D6764633A426F756E6473206865696768743D223232392E30222077696474683D223535352E302220783D223330302E302220793D223130352E30223E3C2F6F6D6764633A426F756E64733E0D0A2020202020203C2F62706D6E64693A42504D4E53686170653E0D0A2020202020203C62706D6E64693A42504D4E53686170652062706D6E456C656D656E743D227375627374617274222069643D2242504D4E53686170655F7375627374617274223E0D0A20202020202020203C6F6D6764633A426F756E6473206865696768743D2233302E30222077696474683D2233302E302220783D223333302E363636363636363636363636372220793D223231342E30223E3C2F6F6D6764633A426F756E64733E0D0A2020202020203C2F62706D6E64693A42504D4E53686170653E0D0A2020202020203C62706D6E64693A42504D4E53686170652062706D6E456C656D656E743D2270726F76696E63654964222069643D2242504D4E53686170655F70726F76696E63654964223E0D0A20202020202020203C6F6D6764633A426F756E6473206865696768743D2238302E30222077696474683D223130302E302220783D223430352E363636363636363636363636372220793D223138392E30223E3C2F6F6D6764633A426F756E64733E0D0A2020202020203C2F62706D6E64693A42504D4E53686170653E0D0A2020202020203C62706D6E64693A42504D4E53686170652062706D6E456C656D656E743D22656E64222069643D2242504D4E53686170655F656E64223E0D0A20202020202020203C6F6D6764633A426F756E6473206865696768743D2232382E30222077696474683D2232372E3939393939393939393939393934332220783D223535302E363636363636363636363636372220793D223231352E30223E3C2F6F6D6764633A426F756E64733E0D0A2020202020203C2F62706D6E64693A42504D4E53686170653E0D0A2020202020203C62706D6E64693A42504D4E456467652062706D6E456C656D656E743D22666C6F7731222069643D2242504D4E456467655F666C6F7731223E0D0A20202020202020203C6F6D6764693A776179706F696E7420783D223138302E302220793D223231392E35223E3C2F6F6D6764693A776179706F696E743E0D0A20202020202020203C6F6D6764693A776179706F696E7420783D223330302E302220793D223231392E35223E3C2F6F6D6764693A776179706F696E743E0D0A2020202020203C2F62706D6E64693A42504D4E456467653E0D0A2020202020203C62706D6E64693A42504D4E456467652062706D6E456C656D656E743D22666C6F7732222069643D2242504D4E456467655F666C6F7732223E0D0A20202020202020203C6F6D6764693A776179706F696E7420783D223336302E363636363636363636363636372220793D223232392E30223E3C2F6F6D6764693A776179706F696E743E0D0A20202020202020203C6F6D6764693A776179706F696E7420783D223430352E363636363636363636363636372220793D223232392E30223E3C2F6F6D6764693A776179706F696E743E0D0A2020202020203C2F62706D6E64693A42504D4E456467653E0D0A2020202020203C62706D6E64693A42504D4E456467652062706D6E456C656D656E743D22666C6F7733222069643D2242504D4E456467655F666C6F7733223E0D0A20202020202020203C6F6D6764693A776179706F696E7420783D223530352E363636363636363636363636372220793D223232392E30223E3C2F6F6D6764693A776179706F696E743E0D0A20202020202020203C6F6D6764693A776179706F696E7420783D223535302E363636363636363636363636372220793D223232392E30223E3C2F6F6D6764693A776179706F696E743E0D0A2020202020203C2F62706D6E64693A42504D4E456467653E0D0A202020203C2F62706D6E64693A42504D4E506C616E653E0D0A20203C2F62706D6E64693A42504D4E4469616772616D3E0D0A3C2F646566696E6974696F6E733E, '0');
INSERT INTO `act_ge_bytearray` VALUES ('2504', '1', 'C:\\code\\backend\\cmict-server\\cmict-activiti\\target\\classes\\process\\gansu_process.gansu_process.png', '2501', 0x89504E470D0A1A0A0000000D4948445200000422000001CB08060000001DA239BE000034ED4944415478DAEDDD0B9C5D557D2FF091A0D756EBC5AB6DA9558BD55A6D69AD96B6D66A1B152B282F95333BFBCC24196A123542138188E44A0D28280F85A23652831149C5162B6AF012998447281A8D28046234A13108E9C844040C18F28073FF2BEE134F2633937967F69CEFF7F3F97F4EE69CC93CD6ECB5D6DEBFB3F6DE2D2D000000000000000013D2DC4B6FA8F55663F53A000000D0447A0B057A0609A3F93A000000D0440411000000C098114400000000634610010000008C1941040000003066DC35030000000000000000000000000000000000000000000000000000000000000000000000000000000000000000000000000000000000000000000000000000000000000000000000000000000000000000000000000000000000000000000000000000000000000000000000000000000000000000000000000000000000000000000000000000000000000000000000000000000000000000000000000000000000000000000000000000000000000000000000000000000000000000000000000000000000000000000000000000000000000000000000000000000000000000000000000000000000000000000000000000000000000000000000000000000000000000000000000000000000000000000000000000000000000000000000000000000000000000000000000000000000000000000000000000000000000000000000000000000000000000000000000000000000000000000000000000000000000000000000000000000000000000000000000000000000000000000000000000000000000000000000000000000000000000000000000000000000000000000000000000000000000000000000000000000000000000000000000000000000000000000000000000000000000000000000000000000000000000000000000000000000000000000000000000000000000000000000000000000000000000000000000000000000000000000000000000000000000000000000000000000000000000000000000000000000000000000000000000000000000000000000000000000000000000000000000000000000000000000000000000000000000000000000000000000000000000000000000000000000000000000000000000000000000000000000000000000000000000000000000000000000000000000000000000000000000000000000000000000000000000000000000000000000000000000000000000000000000000000000000000000000000000000000000000000000000000000000000000000000000000000000000000000000000000000000000018825AAD76F0C68D1BAF5EB56AD5E32B56ACA8757676AA31AEE5CB97D756AE5CF9D3A8765B24000000135A0A216EB9E5965A7777776DFBF6EDEA00D5962D5B6A37DF7CF3C3CB972F3FD156090000C0849556420821C64D18B1BDB3B3739DAD12000080092B9D8E2104183FD5D9D9B9D356090000C08495AE51200018574144CD5609000040D307118F3CD455DBB87A716DEDF2737657FA777A4E78208800000080110D22B63EB8B976D7D7CFAADDF1B5797B557A2EBD26401044000000C0880511F7AEFDEA3E2144BDEE5BBB5480208800000080910B22D6DD787E9F41447A4D80208800000080110B22EEEA5CD06710915E132008220000004010218800000080F20511E92E197D0511E93501822002000000462C88D870EB27FA0C22D26B020441040000008C5810F1C0E635B5BBAEFFC0BEA765C473E93501822002000000462C8848F5A3EF7C6E9F20223D273C1044000000C0C806118F3D56DBF08D85FB9E9611CFA5D70408820800C6915AAD76F0C68D1BAF5EB56AD5E32B56ACD83DB9A8035FCB972FAFAD5CB9F2A751EDB652F47D7D1F04117D1F186F7D70736DFDAD1FEFF31A11E9B5F4394204410400E3443A10B9E5965B6ADDDDDD26D771565BB66CA9DD7CF3CD0FC781C989B654F47D7D1F0411FBAE82E8DA7043EDCE65F3FB0C21EA953E277DAED511820800C681F46EA80391717D40B23D26FC75B654F47D7D1F0411035F05617584200280712C2DC936A98EFB097FA72D157D5FDF0741C4AF6A20AB20FA5B1D618C11448C80433401C0084EEECA848FBEAFF47D18CFE3D55043887A19638C4DC37464546A87633405C0281E8C3CF250576DE3EAC5B5B5CBCFD95DE9DFE93913B2091F7D5FE9FB20383536355908F160D4C5C5A33002603426F7742EE55D5F3F6B9F7713D273CEB334E18F43964AEAFBFA3EC62B418432368D6608510F1F8E1246008CD2E47EEFDAAFF6B9B4F1BEB54B4DCA26FCF1B68360A9A4BEAFEF63BC12442863D3688710FB7B1E80E14CEEEB6E3CBFCF8391F49A49D9843FCE76102C95D4F7F57D8C578208656C1A8B10A2F1F5AD2DBF5C2101C0484CEE77752EE8F36024BD665236E18FC31D044B25F57D7D1FE3952042199BC6228468D1970767F2E4C907E7797ED49429533E18755DD4BAA89D51B5A2EE8DD73BA33E1CD5DED1D1F154AD060E461C8C98F0CBB28360A9A4BEAFEF63BC12442863D35884108D61C496162B237A55A9540E9D3265CA823CCFEF6E081D06525D510BA30ED38AD044937BBA527E5F0723E93593B2097F1CEF20582AA9EFEBFB18AF0411CAD834162144E3FFDB2258FC95B40222CBB2F755ABD547071940F4AC9D69958415128CA8D830FF6CC68C1917CC9D3BF7969933676E6E6F6FDF9E36B8787EC7DBDFFEF61F4F9F3E7D695ABE131BF12BB5D6D84EEE1B6EFD449F0723E93593B2097F9CEF20582AA9EFEBFB18AF0411CAD83416218460B1874AA5F2A23CCFEFE8192ACC9E3DBB76D96597D556AD5A55DBBC79736DDBB66DB5243D767777D76EBBEDB6DA15575C518B63C37D0289381EFC5ED4E14647862CA55973E6CCF9A7193366FCF41DEF78C78EC58B17EFDE18BBBABAF66C8C3B76ECD8BD31AE5EBDBA76F9E5973F70D249273D3C75EAD4EFC746F8CED8B09FAE15477F727F60F39ADA5DD77F60DFA5D9F15C7ACDA46CC22FC10E82A592FABEBE8FF14A10A18C4D43E9B34F8A9A5E3CF6A7E7E7357DB098DE406E6B6BDBD21822CC9B376F77C8B06BD7AEDA40DD7EFBEDB5F9F3E7F70C24B6C6D717DA32781FF9C84766CE9A35EB918B2EBAE889356BD6EC0E1C066AEDDAB5BBCE3BEFBC7B62C3FE496C8493B5E6E84FEE3FFACEE7F6391849CF99904DF825D8A96FFC7F964AEAFBFA3EC62B418432360D2684B8BCE597B7DABDBC9F30A2AFCFAB7FBDA60B16530851AD567F510F0EE2B8ADB674E9D24105103D2D5BB6ACD6D1D1B1D7A91AC208062CAD8238F3CC33BF3167CE9CC753BA351CEBD6ADDB3E63C68C94B25DE95CA1519CDC1F7BACB6E11B0BF75D9A1DCFA5D74CCA26FC12ECD437FE7F4B25F57D7D1FE39520424DC0B129CFF3970CE3C0B4B73E3BBD08176AFD84118D2144BDA6F5D2979BE680399D8E51AD567FD6781AC6FAF5EB6B2361D3A64DB5534E39A5E7CA08A769D0BFC58B173FF5D4534FEDBAF4D24B6B3FFFF9CF4764634CA7707CE8431FDAD8D6D6F625A76A8CFCE4BEF5C1CDB5F5B77EBCCFF3C4D36BE9734CCC0E460ED0BB14964AEAFBFA3EC62B41843236ED09221AAE2170F220DEA8EC2B38EC2D64680C237A7B7D512F7DBD69FA72716BCE3B1A4388749AFD484A5FAF318C487F6F6F4AD3A7B4719C7EFAE9DD175C70C1B096E4F4E5C20B2FDC141BFD17D3C6AFB54760727FECB15AD7861B6A772E9BDFE78148BDD2E7A4CFF50EA9839131DEA9B75452DFD7F7315E092294B1698F747BC71ED711482BA7DFBF9F372BF7B77AA9AF30E2A00186108DDF67C29F7295EE8ED1783AC648AD84E86D65448FD3342E34FDD0AB73CE39676D5A09311A2144DDD9679FFD83749A86D61EDEE4BEBF7742BD436AC23FC03BF589A592FABEBE8FF14A10A18C4D7BA9542A87F671DBC7B47CFFD369C5C4204388FEFAE80F071142F40C232664B098DABFF1169DE99A10A3295D33A2F17A11E99410D3107B59B468D19973E6CC7962A44EC7E8EF348D8E8E8E1FBB80E5F026F781BC13DADF3BA426690723BD89C9FFD951ED23B053DFDFBB13964AEAFBFA3E237120F3FE219CEE69BC1AFCBCD019F56A4184B16924F5114434D675E9428AF1A96F18649FEAADAF0E2684286D5F4EFB6F69B5C900DA7E41E3DD3106733382A13AE38C331AFFB60BCD62EC71CD35D71CF2EE77BF7B67BA33C65858BB76ED03B111DEE77A11433F1819EA8148BD4CD20E46FA989CEACB25370CF0BC4D4B2587D8CEFABEBECFF0C7AA18A71E4C4B8C53883A8C10C278358003C61448140786820863D39E3E73ECB1C7FE7AEA7FD56AF5F762FB78693CFE796C2FAF89E78E8A8FDF5A1C1CCF8A7A4F7CFC7FE3F1DC78BC780041C4CEB7BEF5ADDB8BFE36D803D7D4677BAE84F861F1FCC0BFC841079D59FCDF434AD257AF4BAB4AA2CDE7F6B5FF565C1BE2EE7A3BA75B748E85748CD9F0B7ED720CC81E975C72C995175D74516D2CBDF7BDEFFD666C88A76BFDA11D8C280723A32126AE437A396F73411F3BF9964A0E7D67E1475157EF2F90D0F7F57D7A9776627B8C55DBD2B9C7FD5C95DD7835CC20A2F19DEADE564818AFC6575D7FFDF5B561840497C56B4BE2F14BF1F1B2785C19755BD4BAA87B8A7D8374CBC7C7A31E2D3E4ECF7F3FEA3BE9F38BFFF79FE974ECF4F5D2D78DAFF9A1F8F7FC74A01C8F0FF71640C4E775A5CF49AB9ED2CFDFF2AB151103ED4BFDAD88B8BC65802B22264D9A74746B6B6B2D6A6BFC3CEBA3D271CBB5F1B35F118F1F2BDAEB9DF15889E75E178F2F8B8F9F57FCCC07AAAFDED8D096F7C6CF34A5E7E7A4BB95345EA072344FC7EF69EEDCB9B58660B3DD4CC66EA79C72CAF6B15A0DD1908CFD77DA1977E14A4184839171BFD3B9FB9D899834AE6AD8C91FEC2DEF9A76A9643F4144FDDEDA9FEEEBDD5C7D5FDF67D06355ADC75865BC1ABD76DEEB940DE3D5F8A9C71E7B2CFD7D6AC3080966C5736DF1F8966AB5FAC6145EA410235DBBA152A93C3FCD59C501F79346601EDC737D881426A637444639481C481891FAEE964993261D3B6DDAB467455BBC387EE7BF8E9FEFCDF1EF6929B829DA6B613CFE473CAE88BA3D1DFC17014D0A46EF8BBA235EBF21BDF110FFEF5345D0736A3C373D0502E96BA6AF9DBEC782050B0E1A81BEBAA197BEBAB4ADADEDB90D9FF3C1FA6B8B162D1AD363BF254B96348E1F1F368B91AE0D71C258276275EDEDED9BFB5BE637D139EFD2C14899763AEB75C209272C6F39804B25C3FB5A4AB454B2376939798F77801E4C3B7F3D83597D5FDF67E863557AE7FEC860BC1AFD764EFB72C6ABF1B722629C6F57EB1A03F9B402623FFF6528A7562D6AE9FDD4AAFEC28861DF01277E975F4B07FF699544B15AA252AC9E48AB283E56ACAAB8B6586591565BA453D677168F435E7D518439BD5E04345D53A758F57A5DFDF955AB568DE9715F3A0DA4E167BAD12C46CB473FFAD1E58B172FAE1D08E79F7FFEAD29996BF69D28E75D3A18198E74F09A962947FD669A988AE4FE4FABD5EA5FC6E3DFA57733E2F184B4442F74C4E3BB529A9FDEF9883A275EBB201E3F5EBC33BF64003B9DBB5EFBDAD7EE7CCA539E526B19E3A592C5F7DB5A2C074DEF38FC2C6A73545A617557D4EA6209E9D7A3BE1CF585A8C551FF12BFDB47D33B1869428FC7D3A266C7BF4F4AED12757CD4DFB7B6B6FE6D3CFE457A3735EA85F1FF9E13EDF7CCB453319C777E06B163BFAE71B9A2BEAFEF1F08E99DB9A38F3EFA7FA571256DFF53A74EFDADF8F7EFA6E5DDE96AE769897731C6FC799ABB8AA5DE69E7F8EFD33B86C5789376BCABE99DBFA81969DC89C753D2BB81F1FC1969A7383E3E3B1ECF4BEF82C6BF2F89D73E592C09FF4CF14E6DEABFFF19CF7FB5D8795E1E755354DA77F8F600C6AA344EEC8A31F2899603B0B4BB61BCAA354319AF8C4D839C07D3690437C638F26783F86F7D9DF2B4BF8BC9EEEF62B47547B41CA053AAD2B83BDCD517FBEBA3E9B497F81A3FA97FDCD5D535A6C77DDDDDDD8D3FCFBD8EC26939EFBCF3368F75225677F3CD37A72562577B37C7799713E19D877461A0B4D3DEDEDEFE3BB1B3FE82A83F8A41FF157170FB37F1B77D7D9A54A24E2CCEC99C59EC94CF8BFAA7B4335E9C97B9B038704E3BE05F4ECB27E3F36E8E7F7F2BFEBDA648CA7F5C2CB54C3BB8BB8A143DFDBBBB786D7D31217D2BEDB4174B30BF9C962BD70FCA53C25E1C009C55FC0C27A78385E267EB6B12BB3B3E6F4E5A92595C04E9802C952CBEDF93EAED9DC282141AC4CFF5C7F1EF23D241513A202AC2853DE14B3A002A42880FA550221DF4A4039EA25DBE5C84172B8B039C3BD3EF5B841C3F2B26FA110B3F06B053FFDD74FEAEBE5F8E9DFD59B3663D39BD33D5D6D6F68CB42359DCD1E179B17DFE7EFCFB0F53B0151FBF3C855CF1F8AA1410C6B870647C7C747C7C5C7CFCB6B4ADA6FE576C1FE99CED77A75532A97F16A1E1078A25B51F29B6DF4B8BF16251F1AED9E7D34E6A3C7F4DF14EDBD78B25C1B744AD2ACEEFBEA3589E9D96EF6E2AB6E3EE6285CE23518F15DBF9E3C5BFB716DBFBFDC58EEEA6E2FF7EBFF85ADF29DEB95B59EC1CA73E706DFA198A1DE67F8BFA6C0A39537F483F73FAD9D3EF907E9734F6C5C767A6EB45A5B125FDCEC592F0938AB1282BCE633F369DD39EDA2CB55D6AC3A22DFBEA3FEB539F3FEEB8E37EA36195D1811CAF26EACA93D5697979BD8D8D578288416E57870DF1BF1ED54BB038BD65FFA7500DE4F6BBE9EB9E58A6FE595F7D51EC67F6FB2652D4438DCFA53B198EA5F4FD1ABFBFA3705A4E3DF5D4ED639D88D56DD9B2E57FD23B808208E75D96FD5CCCFAC5D28A1DFAB45D6F8CBFE1DA62E7FFD6E29DBC6B8B0B145E9976CC8B9DF20BD2BB82C5CE785AA5F0CE74E05CEC801F9F5633A477E9D3EA869868FE241EFF201DE0A43020BD5B391AD758E979DA407130B2A08F2B309766A9E40818B1F0637F41447CCE8E78DCAEEF8FFF2ACEC3DE51BC33952EBEF6D37445F02214FCEF78FD0729D88ABFFDF78A902B8D0737A5713E1EFF5FD457E2B52F1681D895C5F67159D4278AF3B6D38AA5738BDBADBD3FAD2628CE313EA5182FDE9EDE358B8FF362D9EE09C53B696985CF6BD35C121FFF550A45D32A86B49A21AD6A48AB1BD2769C5652A5E5BA53A74E7D5A5A053112E7298FE11CBAA597539C66F473B79F661AAF46735F65AF00A2ACFB2A7DAC7819F0EB8288032AF5B1AD0D7DB9B1EFF6771D97BE3EAF942144CF60A78F7D8A742D8E05F5EB4434BE76200822D84BEC7C8C792256B763C78EF4EEE2364184F32EBDF330AEB6CB3D17524CEFEC0FF0BCCD09B954728CFB7E6AEFAB1B97A9EAFBFA3E031AABB61561E940AEC360BC1AFA78F5CD1474F51580973188E8EFB9FDBD6E6C3AE08EEA258C98D6B2FFD54A3D3F6F425C54B6089D1BF72752B07D54CFFE5ABC664504E3678239909AE5DCC9E1961D7E13FE58EEDC17CBBB0F1BE40E81A59203D0DB2D528BD3720E2BFB8EBDBECF188F55EB8A5523CF1EC2018CF16AE0EDDCEB0A084184B1691C18EE6D7227440851F4D3138B5B76A631F125FD7CDE06D78860DC983E7DFA1356441CF077194A7BDE65CB309736B64C90A591132C88386C88FFD552C901B66FD1CF37A46B00F4B38C5CDFD7F7D94FA837CC0318E3D5081244189B0E90A1860947B64C90102269B87ED7FEF641DC3583F1E3B4D34E7BCC3522C64D1051BAF32E873B914F941D0107237BED10582AB99F9D85740D89815CDF43DFD7F7315E09220411C6A6110F158E6CD63E5B5CF478F771C7A2458BC6F4B86FC992258DD7C2FAB029889673CF3DF75E77CD38E0414469CFBB7430E260A48F09DE52C909BE63AFEFEBFBC62BE39520421031CE82C581F4E5235A9A78F5527141E3DDC71FB367CFAEEDDAB56BCC8EFBE6CC99F3444310D16EFAA1E5924B2EB97EF1E2C507248838FFFCF3D3D5C33FD8C44144E9CFBB7430E260648477CE9BF65D0A7D5FDFC77865BC1244189B861D2CF6D727D3EB5D2D4D7C0A553AE648D767A80702E97489B1B066CD9AC615E05DE9CE6F464D5A162D5A74C258276275EDEDED9BD35D21FC151C8C381869CA1D023BF5FABEBE8FF1CA78E5F69DC6A691EECB5B7BE99BBD5DA4B6294D9932E5C27A28306FDEBC3139069C3F7F7E6310B1D088C91EB111FE22255563E9CE3BEFDC94AECE3F90F3A44DEE0E461C8C9496A592FABEBE8FF1CA78A58C4D07228CA8F7E5A35B26D86D758723DD963D8EC1B6D68381A54B978EEA31DFB265CBF6BA55797CFF17F92BB0C765975D76E545175D34A641C499679EB93A36C6D3B5BE831107234DB14360A9A4BEAFEF63BC325E2963D358068BA92F2FC8B22CB5C5097AE9AF345EB4B2ADADADB67EFDFA5139DEDBB469532DDDA1B12188B850EBB3974F7EF2934F9F3D7BF68EB56BD78E490871D75D777555ABD57B9C1F34310E465ADCC2CF843FF077272C95D4F7F57D8C57C62B656C1AABBE5CCBB26CC7406E6DD94C527B44BB7CAFF1C295DDDDDD237ABC97BEDEC9279FFC78FD7BA4EFE7EF40AF162F5E3C37D47EFEF39F8F6A08B16DDBB65A6C843F8E0D72B25637B99BF09B72E7FEA8869D7A4B25F57D7D1FE395F14A199B46CB217100FC601C7B1CA229F616ED7278E3291A298C18A99511692544630891BE4FFA7E5A9D3E9D73CE396B2FBDF4D251BD68C9D9679FFD83D818AFD4DA2677137E53DAB354B2D8C9B75452DFD7F7315E19AF94B169D414776938544BECABB5B5F5C8C630229DA691AE19319C63C1744D881EA763EC4C7709D4DAF42B5D38F2DC73CFFDD1C2850B47258CF8D4A73EF5C33CCFBF68598EC9DD84DFD4EA4B259FD014FABEBE4F19C6ABD8917E3C1E9FA4398C57C6A65206111B2B95CA0BB4C4C0C288FADD346EBFFDF641DFA2F3ACB3CE6ABC30657D258410828159BC78F153CF39E79C8D6965C4A38F3E3A62A7639C77DE7977B7B7B75FE3BA102677133EE190989CB60925F57D7D1FE395F14A199B463988F87E1C0CBF544BF42D9D36D178CD88C6D335162D5A545BBD7A75ADABAB6BF7315DFDD82E5D032285154B962CA9CD9933E7899EFF377D3DA76330686965C4FCF9F357C546F5F8706FEBB96EDDBA5FCC9C39F3FE3CCF9798C44DEE267C1A263DE76CEAFBFA3E653990F959B55A7DA696305E199B4AD97FBF1BF5722DD1BF749C56DC4D635BCF506190B533DD1DC3711FC372EEB9E74E99356BD623175F7CF113299018CCE91AE96227175C70C18FDBDBDBEF73614A93BB099F5E760CBA627CF81D2DA1EFEBFB9460BCFA9FA8E76809E395B1A994FDF7D6A85769898149D7D3C8B2ECE268B37B07194074452DCCF3FC255A91114BC74E3BEDB4B367CE9CF9C03BDEF18E1D575C71456DD5AA55BB97E3ECD8B16377E8901E1F78E081DA6DB7DD56BBFCF2CB1F983163C6437180B13936C6D39D8A617237E1D3C78E817336F57D7D9FB28C57FF5DAD567F5F4B18AF8C4DA5ECBF2BE2E0F8755A6270D20AF968B7138A5512D7456DE82578B8313EE7C351ED8EF918ED8E7CC4CC9933CF9B3B77EE2DB366CDBA3726E5B4F4A6168F3B4E3AE9A4FBA64F9FBE346D8C5996BD326DBC5ACCE46EC2A79FF1C4399BFABEBE4F59C6ABBB62FFE68FB584F1CAD8543EB1AFF1B538567993960030B99BF0493BF6B7C5CEC12BB484BEAFEF5382F16A757A33464B18AF8C4DA50C22BE98E7F9DBB40480C9DD848F7336F57D7D9F328D57B7C481CCABB584F1CAD8543EE982F95996B569090093BB091FE76CEAFBFA3E651AAFAE8FF1EA0D5AC278656C2A65FF5D14F5762D01607237E193760CAE8D7AB396D0F7F57D4A305E7D25EA382D61BC323695B2FF7E3CCBB293B50480C9DD848F7336F57D7D9F321DC8FC7B54A6258C57C6A652F6DF0BD39DFCB40480C9DD844FDA31B832DDEE494BE8FBFA3E2518AF3E1BE3D5742D61BC323695B2FFA6DB4F9EA525004CEE267CD28A884FC78EFD0C2DA1EFEBFB94E0406661D43BB584F1CAD854CAFE3B3FEA5C2D0130482B56AC30A98EEFDA1613FE4E5BEAA0770C9CB3A9EFEBFB9465BCFA58D47BB484204210513EB1AF716A9EE71FD5120083B472E5CAAEEEEE6E13EB38ADCD9B377F2126FC75B6D4C1899D820B62E7609E96D0F7F57D4A10449C97DE55D5128208414429F7376647FFFD172D01304837DC70C3F137DD74D343F7DF7FFF2F4CAEE3EBDDD07420B27CF9F27BA24EB4A50E7AC7FE1CE76CEAFBFA3E2519AFCE4A63969610440822CA27CBB293F23CFF8C96001882D8D93D262695D56919709A5CCA5A575D75552D76E66A65FE1D1A2AFD2DD6391019F28E7D3A67F33C2DD11C7D7F8295BEDF7CE3D5E9E9CAFB5A42102188289F3C44FFFDBC960068EE9DB9A52988983C79F2C15AA3E9B785F7A4F3AEB5045082F1EADD519FD0128208414429FBEF5BB22CBB464B0034A998045E1993C1CE1444E4797E941669FAEDE15DCED9044A7220F3F6A8455A42102188289FB4CF19FDF73A2D01D0BC079ED7A410A2A8D55AA4E977EC3BA2166B09A004E35535EADFB48420421051CAFE3B39EA462D01D09C93C011F5D510F5CAB2EC182DD3BCE2EF3F25CFF3ABB404508239EC2D515FD2128208414429FBEF5F45ADD21200CD39092C6D0C21EAAB225C2BA279E5797E426C035FD612C0789765D9D196760B220411A5EDBF2F8BFE7BBB960068BE10629FD510F54A07A35AA83955ABD537C6CEC1322D0194601EB3B47B3F56AC5821001847B7184E77F7B155FE52A552F9C3D8DFFC81960068BE1DB8EB7A0B218AFAA6166A4EB153F077F1F7BF494B002598C72CEDDE8F952B57767577770B01C6416DDEBCF90BE916C3B6CA3D41C4F3A3FFDEA325009A6BE7ADCFD510AE15D1DCAAD5EA5FC6DFFF5B5A0218EFF23CFFD318AFEED0127DBBE1861B8EBFE9A69B1EBAFFFEFB7F210C38702B215208B17CF9F27BA24EB455FED2D4A9537F2BFAEFFD5A02A0B98288A5FD8510EEA061C75E4B00E35D96652F8EF16ABD96E85F1CFC1ED3D9D9B93A9D1690AE51A0C6BC52BBAF1342ECADADADED19D17F1FD61200C2091750C28E3D50A679EB79513FD612503EB366CD7A72F4DF1D5A02C00E9D20023BF64069E479FEEC18AFB6680928ED3EC7E30B162C38484B0034F7642088205D3CEA37635BE8D612C0783775EAD4A7C578F5889680D2EE7B3E7AECB1C7FEBA960068EEC94010410A229E1EDBC2562D019460BC9A14E3D52E2D01A5DDF7FCE9B469D39EA525009A7B321044D03279F2E483D31D55B4045092B96B473AD75C4B4029FBEF7D954AE577B50440734F068208EADBC2AE14486809A004E3D5C3E9EAFB5A024AD97FEFCEB2EC855A02A0B927034104F56D616B3A45434B002518AFEECFF3FCB7B50494B2FFDE9965D9E15A02A0B927034104F56D614BBA1ABD96004A305E6DAA56ABBFA725A094FD7775D4115A02A0B927034104F56DE1C7E9369E5A0228C178B52ECFF39768092865FFBD25EA355A02A0B927034104F56D617DB55AFD032D019460BCFA6ED4CBB50494B2FF5E9FE7F91BB40440734F06820876CBB26C4D5B5BDB9F6809A00473D737A25EA525A094FB1B5FCDF3FC582D01D0DC3B738208EADBC2B7AAD5EA5F6A09A004E3D58A3890799D9680F289BEFB1F51AD5A02A0B977E60411D4770C6E6E6D6DFD5B2D019460EEBA36EACD5A024AB9BF71459665D3B4044073EFCC0922D82D760A9655ABD5376A09A00473D7D551276A092865FFBD2C6A96960068EEC94010417D5BF8729665C76B09A004E3D595799EB76B092865FFFDE7D8DF98A325009A7B32104450DF16BE10956909A004E3D5BF46CDD41250CAFEFB91A833B40440734F068208EADBC2E2A80E2D019460BCFAE7A87FD41250CAFEBB20EA035A02A0B927034104F56D6161D43BB50430DE655976BE7754A1B4FB1B67A455115A02A0B927034104F51DFB8B637B788F96004A3077794715CABBBF3127CFF34BB4044073EFCC0922A86F0BE7C58EC1995A0228C178E51D5528A9D8D7784796659FD21200CDBD33278860B7D829F8A7D839385B4B002598BBFE315D27424B4029F737A6C5FEC6155A02A0B977E60411D4770CE6C58EC1055A0228C1DC352BDD39434B40F9C4BE466BF4DF7FD71200CDBD332788A0BE63704A9665976A09A00473D7D4A8CF69092865FF3D2EEA2B5A02A0B927034104F56D616696659FD6124009C6AB13A3AED612503E799EBF21FAEFF55A02A0B977E60411D4770CDA637BB832FDBBA3A3E390F8F761F1DCB3B50C300EE7AE37475DAB25A094FDF735512BB50440734F06828826D4D6D6F6DCF8DB6F88FA5196650FA6EDA08FEAD05AC0389CBB5E1FB55C4B40F9C47EC75F44FFFDB6960068EE9D394144F3FEEDAFEC278048B561F2E4C9076B29601C8E5FAF8ABA554B40F964597678F4DF3BB5044073EFCC09229A54B12A625B5F4144EC289CAC9580713A77BD3CEABB5A02CAA752A9BC28BDD9A125009A7B674E10D1C4B22CBBB88F20624B4747C753B510304EC7AE97C638B54E4B40F9146F84DCAB25009A9820A2B91517A5DCD24B1071A1D601C6F1DC7558BAC68D9680F299366DDAB3A2FFFE544B0034F7CE9C20A2C9A553307A84103BD34EBE9601C6AB3CCF7F3BC6A99F6809289FA953A73E2DFAEF235A02A08909224817A4CCB2EC7BF5202276F0AFD22AC078D6D6D6F68C18AF1ED612503E954A6552F4DF5D5A02A089092248B22C9BD27091CAC3B50830CE0F649E12E3D50E2D01A5DDFFDC316BD6AC276B0980E69D080411EC9665D937D369195A0228C9FCF5F882050B0ED212503E799EFFFCB8E38EFB0D2D01D0BC3B728208766B6D6D7D536C0FDBB5045092F9EB9174AEB9968052F6DFEEE8BFBFA525009A772210440C43AD563B78E3C68D57AF5AB5EAF1152B56D43A3B3BD538A8E5CB97D756AE5CF9D3A8765B294CD8F96B4B9EE7CFD61250CAFE7B4FA55279BE9600104430042984B8E5965B6ADDDDDDB5EDDBB7AB71545BB66CA9DD7CF3CD0F2F5FBEFC445B2A4CC8F9EBDEB6B6B6E76A092865FFFD6196652FD6120082088620AD8410428CEB30627B6767E73A5B2A4CC8F96B7DB55AFD032D01A5ECBF776459F6322D0120886008D2E9180EF8C777757676BA00274CD003993CCFFF544B4029FBEFAAA8BFD21200820886205D8FC0C1FEB80F226CE33031E7AF6F399081D2F6DF9BF23CFF3B2D01208860148388471EEAAA6D5CBDB8B676F939BB2BFD3B3D27281044000E64A009FBEF75D17F8FD212008208462988D8FAE0E6DA5D5F3FAB76C7D7E6ED55E9B9F49AB0401001389081669265D935D17F4FD012008208462988B877ED57F70921EA75DFDAA5C202410430B4F9EB4B516FD112503E799E5F9565D9142D0120886094828875379EDF6710915E131608228021CD5F9F8FAA6A09286510F1992CCB4ED212008208462988B8AB73419F41447A4D5820880086347F5D1EF50F5A024AD97FFF25CBB27769090041048208410450A6F9EB1351EFD61250CAFEFBB1A8F76809004104A31444A4BB64F41544A4D7840582086048F3D78551A76B092865FF3D376ABE96001044304A41C4865B3FD16710915E131608228021CD5F1F8C7ABF968052F6DFB3A2CED1120082084629887860F39ADA5DD77F60DFD332E2B9F49AB04010010C69FE9A9FDE55D512503E5996CDCBF3FC022D01208860948288543FFACEE7F60922D2738202410430E4F9EB3DE93C732D01A50C224E8EFEFB712D01208860B48288C71EAB6DF8C6C27D4FCB88E7D26BC202410430A4039977C51CB6504B40F9E4793E23FAF0A7B504802082510822B63EB8B9B6FED68FF7798D88F45AFA1C8181200218F4FCD511B5584B40298388F6E8BF576A090041042319443CF658AD6BC30DB53B97CDEF3384A857FA9CF4B9564708228041CD5F59D417B404943288785B96655FD412008208462888D8DF2A08AB230411C088CC5FC7457D454B4029FBEF9BA3AED51200820846288818C82A88FE5647080F0411C0FE6559F6F731875DAF25A094FB9FAF8F5AA1250004118C501031D410A25EC203410430A0F9EB35512BB50494B2FFBE2AEA562D01208860848208258800C664FE3A226AB59680F2C9B2EC15D17F6FD31200820804114D1B44443F981AF53FB668288F3CCFFF38FAED5D5A02CAA752A9FC51F4DFEF6B090041048288A60B228A00E227A91FE80B502E5996BD30FAEDDD5A024A1944BC20FAEF462D0120884010D1344144CF00421001A59CBF9E13B5594B40F9B4B7B7FF8E958800820804114D114464593623EDF8F40C200411503ED56AF599D16F7FA625A09CFD37E6E407B50480200241C4840D22FA5A01218880F2AA542ABF16FD769B9680F2E9E8E878AAFE0B2088401031D18308A594524A8DB3B227092088401031E14FCD686D6D7D6F6CF35BED1001000008220411635CF1E3F75A037DBDE417AB7C7FD4C38208000000418420620C8388FE9EDBDFEB13E1F69DC50A89870511000000820841842062D48388867E9056486CB545030000082204118288510F2200000010440822041182080000004104820841040000008208418420421001000020881044B87DA720020000004144D30711CD528208000000418420420922000000041108220411000000082204114A1001000020884010218800000040102188508208000000418420420922000000041108220411000000082204114A1001000020884010218800000040102188508208000000418420420922000000104408220411000000082204114A1001000020884010218800000040107100AD58B1C2C1FEF8AE6D9D9D9D3B6DA900000082880961E5CA955DDDDDDD0EF8C7696DDEBCF90B9D9D9DEB6CA9000000828809E1861B6E38FEA69B6E7AE8FEFBEFFF8503FFF1B512228510CB972FBF27EA445B2A0000802062C28803DD633A3B3B57A75300D2F508CA5E699B9800BF47FA5BAC13420000000822B04D000000E0A0136C1300000038E8C43601000080834E6C13000000E0A013DB040000000E3AB14D000000E0A0D34127B6090000001C74629B000000C04127B60900000070D0896D02000000079DD826000000C04127B6090000001C74629B000000C04127B60900000070D0896D02000000079DD826000000C04127B6090000001C74629B000000C04127B60900000070D0896D02000000079DD826A0A552A94CD20A000080834E06BC4D2835DC1246000000820860D4552A9517C4B8B2494B000000BD12440023A9B5B5F5B531AEDCA4250000805E092280919465D94931AE7C564B000000BD1244002329CFF3B3635C59A0250000805E0922809194E7F91531AE7468090000A05782086024E5797E738C2B93B5040000D02B410430C263CA3D518769090000A0AF830641043022264F9E7C708C298FA547AD010000F44A10018C944AA5F28218533669090000A04F820860A4B4B6B6BE36C6949BB4040000D02741043052B22C3B29C694CF6A090000A04F820860A4E4797E768C290BB4040000D02741043014ADADAD47E679DE5EAD56FFAC52A91C9A9E8B8FAF8831A543EB0000007D12440043914288347E345696658FC6F3DF89C78BA3DE9742897088D6020000F61044004351A9549E9E65D9833DC3881EF54DB7F2040000F6228800862ACFF3ABFA092176665976B856020000F6228800862ACBB2297D0511F1DAC95A080000D887200218AA8E8E8EA7C618B2A5972062A953320000805E092280E14817A6EC11426C8D3A4CCB000000BD124400C39165D92B7B0411EFD42A0000409F0411C0088C23EB8A1062BD5332000080FD1D400822806139FEF8E3FF35C6921D5996BD556B000000FD124400C3746454EDD5AF7EF5C3AE0D010000EC972002188614423C1875C9939FFCE427264D9A74BC26010000FA25880086A81E421C933E983469D29B1A3F060000E89520021882BD4288013C0F0000F04B82086090F61736A4D7B7461DA5A90000807D0822804118E88A87A35AAC8C189074BBD33CCF8F8AB1F88351D715B742DD59DC0E35D5BDF17A67D487A3DA3B3A3A9EAAD50000283541043040833DED2285115B5AAC8CE855A5523934C6DF05799EDFDD103A0CA4BAA216BA43090000A52588000660A8D77E48FF6F4B8B95117BA415105996BDAF5AAD3E3AC800A267ED4CAB24AC900000A0740411C000C284E19C66E19A11854AA5F2A23CCFEFE8192ACC9E3DBB76D96597D556AD5A55DBBC79736DDBB66DB5243D767777D76EBBEDB6DA15575C519B3B77EE3E81449665DF8B3ADC660A004069082280FD84088D21C493A2A6178FFDE9F9794D7FCD882CCB5ED9D6D6B6A5314498376FDEEE9061D7AE5DB581BAFDF6DB6BF3E7CFEF19486C8DAF6FD5090000820860C285109747D58AC727F51342F4F679F5AFD7742B23520851AD567F510F0EDADADA6A4B972E1D5400D1D3B265CB6A1D1D1D7B9DAA218C00004010014C941022995E840BB57EC288C610A25ED37A7CDDAD2D4DB432229D8E51AD567FD6781AC6FAF5EB6B2361D3A64DB5534E39A5E7CA08A76900002088004A1F42F41532348611BDBDBEA897B0A2694ED3286ECD7947630891AEF93092D2D76B0C23D235235CC0120000410450F610627F61C441030C211ABFCF84BF9B46BA3B46E3E91823B512A2B795113D4ED3B8D0A60C00802002287B08D15F18F1C34184103DC3880979CD884AA57268E32D3AD335214653BA6644E3F522D2292136690000041140D94388FEC288C1841075A53B4D23CFF3F618370F1BC0D8BAA0F1EE183B76ECA88DB633CE38A3318C5868B3060040100123A052A94C8A7A4AD4AF453D3DEA7F47FD9FA8DF4CEF4247FD6ED4F3A35E9065D90BA35E1CF5D27411BFA89745BD22EA2FD29D0C5A5B5BFF26EA6FA35E1B7564B55A7D63D49BE260F3D8A813A2DE16D59AFF527BD4F4E833FF103533EA9D51EF8EFAC7A8F7449D1E7546D4FCA8B38A03D10F469D17DFEBFCA88BA22E8EBA34EA93519F8AFA747CCDCF445D119F7765D4E7A3FE3D9EFF62D435515F8DFA5AD4B2F89CCEA81BA26E8ECFF9AFA86F467D3BEAB6A8DBA3EE8CFA7ED40FA3EE8EFA51D48FA33647FD242ADD3A325D34F1E1A847A2B645ED887ABC1807067BE09A4EC7E8B912E287C5F303FF22071D7466F17F0F29C998795DBA2864FC1DE6F6752D86E2DA1077D74381748BCEB1B066CD9AC620A22BF50F23060000820807CC0E988779C01CB52B6A7B54BA1DE2D6A887A21E88EA4E075F51F745DD537CDDBB8BEFF3FDE2FBDE5EFC1CDF2E7EAEFF4A3F67F1F376A69FBFF83DBE5AFC5E5F4CBF67F1FBA6DFFBB3519747FD6B7AC739EA1351FF1CF5B1745E7ED447A2CE8D3A27EA0351EF8FAF7B66D47BA34E4B07AF51A744CD8E7A47D48CF81E27A5BF57F177CB8BBFE3DB8ABFEBB1E9EF9CFEDEE9EF5EFCFDD376F03769BB28B68F5714DBCBE1C5F693B6A317A677EDA39E17F59CF83ABF1DF5ECF83ACF6C6B6B7BC6D4A9539F960EA267CD9AF5E4050B16A4E060B0B7D6EC6F45447FB7F6DCCBA449938E8EDFA51695FE8EEB8BBFC9B5C576F6B1F83DFE6FDA7EE3B112CFBD2EFD9EE9773AF6D8637FFD008E9937361CECDF1B3FD3949E9F936EA3D97881CAE1DCA673B0E6CE9DBB278C48DB9491180080711944386076C05CA2036646CF485E23622061440A3DB64C9A34E9D869D3A63D2B6D0FF1B7FFEBD80EDE1CFF9E96C680F8F84369FB8DC7FF88C71545BFB8B7E853DB8A3E7447EA17F178751A03D2761D8FA7A66D350502E96BA6AF9DBEC7486C43F1F537340411F55A1ADBEB731B3EE783F5D7162D5A541B4B4B962C690C223E6CB30600605C06110E981D30C300C388BE6ED1D9DB5D33FA0B2306BB02631F29384D07FFA9AF16AB252AC5EA89B48AE2634518796D312EAD2FC6B49DC5E390575F146364AD974ACFBF3FC681438AD337763FBF6AD5AA310D22D269200D3FD38D3669000000CA1046F476378BBE428827F5F37A6F61C4112D07E86E1929241CEEEA8B3E42883D155FAF2BBEC64FEA1F7775758D6910D1DDDDDDF8F3DC6B73060000A00CEA77B3680C0BA6B7ECFFEE18BD8511D37A841CE9EB9E58A6C6A8AFBE8803FBD7EF2788D855AC28DBF3DCB66DDBC6348848DFAFF1FBDB94010000288B141A6C6DF9D5691A8D21437FB7E8ECEBF34A1942342A4ECFEA2D8048A7AD2DA85F27A2F1B503411001000040591DD54B1831AD65FF17A2ECF979F51516C794B931F23C7F75C3417EBADEC495F1DC51E9769D3D028B9D5644000000C0D0F475CD88C18419A50F218A80E1C4E2969D17E779FE927E3E6F836B44000000C0D00D354C38B26582841049BA534EBA3BCE00020B77CD00000080611A6CA830A14288C1983265CA07EB61C0A2458BC6348858B264C99E2022CFF30FDB6C01000028B3B4326220A7691CD152F20B530E479EE727D4C380D9B367D776EDDA356641C49C39739E680822DA6DB200000094DDFE563AA4D7BB9A358448D2C52BD3F519EA81403A5D622CAC59B3A6F1B48CAE4AA5F2749B2B00000013258CD8DA4B1851BF96C451CDDE4053A64CB9B01E0ACC9B376F4C5645CC9F3FBF31885868330500006022861147358410C3B9BBC68452A9540E9D3265CAD67A30B074E9D2510D21962D5BD61842EC8CEFFF227F05000000269AFA0A88054528718226F995C68B56B6B5B5D5D6AF5F3F2A21C4A64D9B6AD3A74F7FA22188B850EB0300003051A595113521C4BED2AD3EB32CFB5EE3852BBBBBBB473484485FEFE4934F7EBCFE3DD2F71BC82D46010000A0CC0ED104BDCBB2ECF0C65334521831522B23D24A88C610227D9FF4FDB43A00000034B1D6D6D6231BC388749A46BA66C4702E6099AE09D1E3748C9D59961DA3B5010000807DC288FADD346EBFFDF641DFA2F3ACB3CE6ABC30657D25841002000000F89574DA44E335231A4FD758B468516DF5EAD5B5AEAEAEDAB66DDB76870EE9315D032285154B962CA9CD9933E7899EFF377D3DA76300000000BD4A17922CEEA6B1AD67A830C8DA99EE8EE1C294000000C07E552A9543B32CBB78CA9429F70E3280E88A5A98E7F94BB422000000302893274F3E38CFF3138A5512D7456DE82578B8313EE7C351ED954AE5E95A0D000000000000000000000000000000000000000000000000000000000000000000A05CFE3F7D2D262D638EF8FD0000000049454E44AE426082, '1');
INSERT INTO `act_ge_bytearray` VALUES ('2505', '1', 'C:\\code\\backend\\cmict-server\\cmict-activiti\\target\\classes\\process\\provincePocess.provincePocess.png', '2501', 0x89504E470D0A1A0A0000000D4948445200000361000001580806000000DAE6F473000013C84944415478DAEDDD5D6C94E582C0712FF6F278EF8517C6B3317873AE379B353139F1C2C48B4D8C817ED016B0ADB625D8028ABA0D278B48164224BA718BE143F9504413C81A735C1496C022480F1F8B3440D952047BA020E98982851679F67DE638CD0896D3D299E9CCDBDF2F79529999CE98C9FBCEBCFF3EEFC77DF70100000000000000000000000000000000000000000000000000000000000000000000000000000000000000000000000000000000000000000000000000000000000000000000000000000000000000000000000000000000000000000000000000000000000000000000000000000000000000000000000000000000000000000000000000000000000000000000000000000000000000000000000000000000000000000000000000000000000000000000000000000000000000000000000000000000000000000000000000000000000000000000000000000000000000000000000000000000000000000000000000000000000000000000000000000000000000000000000000000000000000000000000000000000000000000000000000000000000000000000000000000000000000000000000000000000000000000000000000000000000000000000000000000000000000000000000000000000706F0E1E3CF88F4D4D4DA71F7DF4D1E1E49FC1300CC3300C6332C7830F3EF8E3238F3CB23EF9EFDFD85203521960899B4F3DF554E8ECEC0C838383010060B20C0F0F87AFBFFE3A3CFDF4D3B7EEBFFFFE6E2106A44E7373734F0C30008052F3C4134F5C4E365796D962035225EE821867C000004A4D5757D7F7C9E6CA695B6C40DAD8051100284971D7C4FBFE7A9C1840BA220C00A054893040840100883080E244D87DA39C46365FF7030088304084DDF62178B7DB267A3F008008034498080300441880080300441880081361008008031061008008031061220C00106180081BD387A053D40300220CA01811060020C20044180020C20044180080080310610080080310610000220C10610000220C40840100220C4084010088300011060088300011060020C20011060020C20044180020C2441820C20000441880080300441880080300106100220C00106100220C00408401220C0040840188300040840188300000110620C20000110620C20000441820C20000441880080300441880080300106100220C00106100220C0040840188300040840188300000110688300000110620C20000110620C20000441880080300441880080300106180080300106100220C00106100220C0040840188300040840188300000110620C20000110620C20000441820C20000441880080300441880080300106100220C00106100220C00408401220C0040840188300040840188300000110620C20000110620C20000441820C20000441880080300106180080300106100220C00106100220C0040840188300040840188300000110688300000110620C20000110620C20000441880080300441880080300106180080300106100220C00106100220C0040840188300040840188300000110620C20000110620C218C5B973E7C2FEFDFBC3CE9D3BC3E79F7F6E14797CF1C51761CF9E3DE1F4E9D3164600110620C2A64280EDDDBB375CBA7429DCB871C398A471F9F2E5B07BF7EED0DDDD6DA104106100222CCDE20C98002B9D108BB3910088300011966271A35F0095CE88BB270220C20044588AC58D7EF123C20044188008A3C422ECEA5F2E84339DEB43D717FF9A19F1BFE36DC249840188300011469E23EC8781BE70FCBFDAC3FF7EBAF01723DE16EF134F220C4084018830F21861E7BBFEF38E00CB8E6FBB3E114F220C4084018830F2196127FEFBDF468DB0789F78126100220C408491C7083BFEF91F468DB0789F78126100220C408421C2441800220C1061946784C5B3218E1661F13EF124C20044188008238F11767ADFBF8F1A61F13EF124C20044188008238F1176A5EF5838BE63F19DBB2226B7C5FBC4930803106100228C3C46581CBD7FDA704784C5DB84930803106150605555550F363737BF326FDEBCFDB367CFEEAFAEAEBE3163C68C5059593954575777A9B6B6F68FC9BF17C4C779B710612989B0EBD7C3E92FFFE3CE5D1193DBE27DE249840188302880B973E756B5B5B5FD5FF2F3464747C74F070E1C087D7D7D61707030B300C79F972E5D0A870E1D0AEFBCF3CE95FAFAFA2B49A0FD4F454545B5774F8451BE11F6C3405FE8DEF7D6A8C784C5FBE26304940803106190270D0D0DBF6D6D6D3D397FFEFCE11858376FDE1CF3427DF8F0E1AB4D4D4DE79310DBF7CC33CFFCBD77538451461176FD7AB8707A57F8FAB357460DB0EC888F898F352B26C20044184C507B7B7B5B7D7DFDD0279F7C32AEF8BADDB66DDBCE5755555D362B26C2288F08FB5BB35F66C5441880088302E8E8E8F8979696969FBABBBBF3B280F7F6F65EABADADBD9884D8B3DE5D11466947D85866BFEE362B26A64418800883715AB162C5E224C06EC563BCF2A9BFBFFF7A4D4DCD053362228CD28EB07B0DB0EC1053220C4084C1F802EC778D8D8D799B01BBDD993367BEABACACEC4F426C9A775B84519A1166883000110645B468D1A23FC763C00A69CB962D4766CC98B1D7BB2DC2106186080310614C692B57AE5C90B835343454F005BEAEAEAEDB6E89220C116688300011C694D6DEDE3E104F435F0C070F1E3C65364C8421C20C110620C298B276ECD8F1FBB973E74EE854F4E3555353732E09B187BCFB226CB2F4F6F68677DF7D372C59B224C4E5BFAEAE2E24CB6498397366686E6E0EAFBDF65A58B76E5DF8E69B6F449821C226A0A7A727BCF1C61BA1A9A929545757878A8A8ACCBA164755555578EEB9E7C2F2E5CB338F0310614C191D1D1DDBD6AC5953D4857ED9B2657B922FE005DEFDF2936C407D9E8C7F2AD708FBF8E38FC3ABAFBE1A5E78E185B07AF5EA70E0C081D0D7D71706070733F7C79FF1ECA07166F8BDF7DECB3CAEBDBD3D7CF8E18722CC1061E3F0C1071F84679F7D7624B8C632E6CC9913D6AE5D6BCB101061A4DF92254B2EC40DD162DAB367CFB1E40BF713EF7EF9C96E2CC5189B3E7DFA3F944B849D3A752A2C5AB4282C5CB8301358E399F93D7AF46878E59557C2CB2FBF1CBABABA449821C2EEE2E4C993A1BEBE7E5CF175FB98356B563876EC982D444084915E73E7CE1DBA70E1425117FAE4F5CE275FB4E7BDFBE51B6139E38FA3CC8C95CC87ECE6CD9B434343438867FF9CC86EB79F7DF65966D7A98F3EFA48841922EC57AC5FBFFE17BB1B6677395CB66C59D8B56B573877EE5CF8FEFBEF338FBD76ED5A66167ADFBE7D99DD15E3AEC0B9BF179FC7AC1820C248ADDADADA5BD95DB18A2579BDABC997ECA0773F1511363233765B8C95C407ECF6EDDB434B4B4BC8D7F5EFCE9E3D9B3986ECFDF7DF17618608CBB175EBD63BE26BD3A64D99DD7BC762606020F3F8F87BB9CFF3F6DB6FDB52044418E9DCA89E0CF175BDFBE989B0DC99B19F77539CF40FD70D1B36644EB231D68DC0B18ACF17432C1EF322C20C11F6D719B0DCCF81B6B6B6CCACD7BD88BF17771BCE7D3E33628008C34C58FE66C28291DE31D911168F4B8907F9E76B06ECD766C41A1B1BCBFAB8151126C2F2B5AEE5EE82B878F1E2915D0EEF55DC5571E9D2A5BFD835F1C89123B61801118663C226C23161A99C09EB9C3E7DFA538F3FFEF8DF95C2EE88F3E6CDCB1C035648F118B1F8177B11664CE508CB3D03629C019B6880E58658EE8C583C5907800823359C1D910946D8EDF135E9C7846DD9B225B4B6B686A1A1A182BFD64B2FBD14366EDC28C28C2919617197DCDC63C0EE7517C4D1C4E7CB3D46CC6E89800823355C278C7B8CB0FD151515FFFC2BF135E91116AFED154F435F0C7177C4050B168830634A4658EE2C583CA946A143CF6C1820C2488D1D3B76FC3E9E646022A7EE1EAF9A9A9A73C917EA43DEFDB28CB0D166BE4A22C27A7A7A32C76A1573798EBB3EC6EB9095DAC671B26E8B301156B06528AE6BB9B36057AE5C29C8FF473C6B62EEE9EBE3316800228C54686F6F1F28D6CCC1C183074F255FA47BBDEBA937291FA8AB56AD0AAB57AF2EEA6BC61980B7DE7AABA4BE58B21BAC71437AE7CE9D224C84E57D198AD7F6CA3E66F9F2E505FD7F29E66B01220C8A66E5CA950B12B78A317B306BD6AC13151515D5DE75115608F1C400C53EC631FE01231E1B568A1BD0D9515F5F7FC7AC860813611359869A9A9A46EEDBBD7B7741FF5FE2059DB3AF1567BA014418A9F1E28B2F5E2CF4D9E4B66CD97224CE828D61573644D8BD467E28F6D93EE375C366CF9E5DD21BD0B9B31AD90D691126C226B20C5557578FDC96EF1372DCAEAFAF6FE4B52A2B2B6D3902228CF458B162C5EF1A1B1B7F2AD47595CE9C39F35DF2E5D95F515131CDBB2DC20A251E9B3209D7BDCBBC6E396C40E7CE6A8830113691652877E4EBB4F4A389A7ABCF7D3D001146DA426C714B4BCBADF897FD7CEAEFEFBF5E535373C16E8822AC181B8EA5BEC15A2A4384955E8495EBC5D98BBD8E018830D21862CB9310CBDB8C586F6FEFB5DADADAFEE9D3A72FF2EE8AB0428BBB2A99091B3D0A9375316CDDBA7564A35FFC9809BBD765C84C1820C220CFDADBDBDBE6CC99331C8F119BC8C93AB66DDB763ED938BD9C7C69D67957455831D4D5D54DCA3161A576FDA2BBC55756B945D8CF5F96778CB1DE2FC2F2BB0C39260C106150000D0D0DBF6D6D6D3D3D7FFEFC9B478F1E1DD7429D3CFE8796969673C997E5978E011361C5D4DCDC9C39935A31C5B323C66B8595E206748CD278B1DBDCF82AE708BBDB6D7FEB7E1196DF65C8D91101110605946CD4D6B6B5B5F5245FB8436BD6AC099D9D9D999986EC2E5FF1679C0988A1B66EDDBA81FAFAFA2B3367CEFC2ACE7E390BA2082BB6783DA178ADB062DAB0614358B16245497DB1FCDACC97081361F95C865C270C106150045555550F2621D63E6FDEBCFDB366CD8A673A1CFE79D790A19A9A9AEF922FEC1DC9BF1724E321EF169315613D3D3D995D038B71CDBBACE79F7F3E9C3C79B2ECBE7C4498089BE8BA960DA3784CE4952B570AF23A03030361E6CC9923AF558EEB1A20C200521D61513CFDFAFEFDFB8BF25AC78E1D0B0D0D0D65F9E523C244D844C56B8665E368D3A64D05798DB82B64F6354AEDD84B40840188B09C8DB61862C5980D6B6D6D0D6BD7AE1561226C4A46586E20C5D9B07C9FA0233E5F7CDEEC6B94EBBA06883080D447583467CE9CB079F3E682BEC6A79F7E9A9909B8DB7157224C84A539C2B2EB5A3692DADADAF276BAFA785AFA850B17FE6216AC5CD7354084014C89088BC78DC4BFA09F3871A220CF7FF6ECD9505353138E1C3952B65F3E4E512FC2F2B5AE5554548CC4D2E2C58B271C6231C0962E5D3AF29CF1F9CB795D034418C09488B068FDFAF59950BA78F1625E9F379E0D74F6ECD965BF6B948B358BB07CAE6BB9D7148B3362F7BA6B62FCBDDC1930BB2102220CA08C222C5ABD7A7526C4BABABAF2F27CBDBDBD99007BFDF5D7CBFECB478489B07CAF6BB9E11467A2E3C93AE2D90DC7223E2E1E63967B0C581C6958D700110630A5222CFB57FAB83B53BC9ED7444ED6B17DFBF6505D5D9DD9D84C031126C20A3D23968DB1786DAF7841E738CB95DD5531EE72D8D7D797B910F39B6FBE99B92874EEEFC575362DEB1A20C200A65C8445F1B89578128DB8A1F7E5975F8EEB770F1F3E1C9A9A9A32270648D37129224C8415725DBB3DC6C633D2B6AE01220C604A4658D6C68D1B331B88F1E2AFF1C0FFF8D7F96FBFFD36FCF8E38F99FB07070733C7907DF5D55761D5AA55998DC138E25FE4D37666361126C28AB1AE8D37BED2B8AE01220C604A4758564F4F4F58B972656686EBF663502A2B2B436363636617AAF857FDB4126122CCBA068830001186081361008830001126C20C110620C2004418224C840120C200449808334418800803106188301106800803441822CC106100220C408489304384018830001186081361008830001126C28A34AE5EBD1A8E1F3F9EF93991DB451800220C106188B0318C185471998A3F2772BB0803408401220C1126C244188008031061224C84893000110620C21061220C00110620C2449808136100220C408421C2441800220C106188301126C200441880081361224C84018830001186081361008830001126C244980803106100220C1126C2001061003EDD459808136100220C408491B573E74E1126C20044188008A358F6EEDD1B2E5DBA54168172F5EAD54C50C59F13B9BD54C7C58B1733510C800803106129D6D3D31376EFDE1DFAFBFBCB66B6288D231B60DDDDDD164A00110620C2A64288EDDAB52BB32B9C313943800188300011060088300011060020C20044180020C20044180080080344180080080310610080080310610000220C40840100220C4084010088300011060088300011060020C20011060020C20044180020C20044180080080310610080080310610000220C10610000220C40840100220C4084010088300011060088300011060020C20011060020C20044180020C2441820C20000441880080300441880080300106100220C00106100220C00408401220C0040840188300040840188300000110620C20000110620C20000441820C20000441880080300441880080300106100220C00106100220C0040840188300040840188300000110688300000110620C20000110620C20000441880080300441880080300106180080300106100220C00106100220C0040840188300040840188300000110620C20000110620C20000441820C20000441880080300441880080300106100220C00106100220C00408401220C00408401883000408401883000001106308E081B1C1CF4090F00949CE1E1E1011106A4CEC30F3FFC436767A74F7900A0E41C3A74E84FC9E6CA695B6C40AA4C9B36ADE3C9279F1CF6310F009498E1071E786067B2B9B2CC161B9036BF49743DF6D863970F1C3830303CACC70080492CAFE1E1813803F673809D88DB2A36D78054865832FEF0F3075D300CC3300CC398E41177415C21C000000000000000000000000000000000000000000000000000000000008029E3FF010ACFD87CF265E4340000000049454E44AE426082, '1');
INSERT INTO `act_ge_bytearray` VALUES ('5037', '1', 'var-provinceList', null, 0xACED0005737200136A6176612E7574696C2E41727261794C6973747881D21D99C7619D03000149000473697A65787000000001770400000001740009E4BBBBE68CAFE9B9A478, null);
INSERT INTO `act_ge_bytearray` VALUES ('5039', '1', 'hist.var-provinceList', null, 0xACED0005737200136A6176612E7574696C2E41727261794C6973747881D21D99C7619D03000149000473697A65787000000001770400000001740009E4BBBBE68CAFE9B9A478, null);
INSERT INTO `act_ge_bytearray` VALUES ('5040', '1', 'hist.detail.var-provinceList', null, 0xACED0005737200136A6176612E7574696C2E41727261794C6973747881D21D99C7619D03000149000473697A65787000000001770400000001740009E4BBBBE68CAFE9B9A478, null);
INSERT INTO `act_ge_bytearray` VALUES ('7502', '1', 'C:\\code\\backend\\cmict-server\\cmict-activiti\\target\\classes\\process\\gansu_process.bpmn20.xml', '7501', 0x3C3F786D6C2076657273696F6E3D22312E302220656E636F64696E673D225554462D38223F3E0D0A3C646566696E6974696F6E7320786D6C6E733D22687474703A2F2F7777772E6F6D672E6F72672F737065632F42504D4E2F32303130303532342F4D4F44454C2220786D6C6E733A7873693D22687474703A2F2F7777772E77332E6F72672F323030312F584D4C536368656D612D696E7374616E63652220786D6C6E733A7873643D22687474703A2F2F7777772E77332E6F72672F323030312F584D4C536368656D612220786D6C6E733A61637469766974693D22687474703A2F2F61637469766974692E6F72672F62706D6E2220786D6C6E733A62706D6E64693D22687474703A2F2F7777772E6F6D672E6F72672F737065632F42504D4E2F32303130303532342F44492220786D6C6E733A6F6D6764633D22687474703A2F2F7777772E6F6D672E6F72672F737065632F44442F32303130303532342F44432220786D6C6E733A6F6D6764693D22687474703A2F2F7777772E6F6D672E6F72672F737065632F44442F32303130303532342F44492220747970654C616E67756167653D22687474703A2F2F7777772E77332E6F72672F323030312F584D4C536368656D61222065787072657373696F6E4C616E67756167653D22687474703A2F2F7777772E77332E6F72672F313939392F585061746822207461726765744E616D6573706163653D22687474703A2F2F7777772E61637469766974692E6F72672F74657374223E0D0A20203C70726F636573732069643D2267616E73755F70726F6365737322206E616D653D227265706F72742220697345786563757461626C653D2274727565223E0D0A202020203C757365725461736B2069643D226F6E6555736572496422206E616D653D22E4B880E7BAA7E5AEA1E6A0B8222061637469766974693A61737369676E65653D22247B6F6E657D222061637469766974693A63616E64696461746547726F7570733D22E8BF90E890A5E7AEA1E79086E59198223E3C2F757365725461736B3E0D0A202020203C6578636C7573697665476174657761792069643D226578636C7573697665676174657761793122206E616D653D224578636C75736976652047617465776179223E3C2F6578636C7573697665476174657761793E0D0A202020203C757365725461736B2069643D2274776F55736572496422206E616D653D22E4BA8CE7BAA7E5AEA1E6A0B8222061637469766974693A61737369676E65653D22247B74776F7D222061637469766974693A63616E64696461746547726F7570733D22E589AFE4B8BBE4BBBB223E3C2F757365725461736B3E0D0A202020203C6578636C7573697665476174657761792069643D226578636C7573697665676174657761793322206E616D653D224578636C75736976652047617465776179223E3C2F6578636C7573697665476174657761793E0D0A202020203C73746172744576656E742069643D2273746172746576656E743122206E616D653D225374617274222061637469766974693A696E69746961746F723D22247B6170706C797573657269647D223E3C2F73746172744576656E743E0D0A202020203C757365725461736B2069643D226469726563746F72496422206E616D653D22E7BB88E5AEA1222061637469766974693A61737369676E65653D22247B66696E616C6C797D222061637469766974693A63616E64696461746547726F7570733D22E4B8BBE4BBBB223E3C2F757365725461736B3E0D0A202020203C6578636C7573697665476174657761792069643D227369642D42463744353235352D443546412D343837372D413545352D414330463041393145394131223E3C2F6578636C7573697665476174657761793E0D0A202020203C656E644576656E742069643D226D61696E456E64223E3C2F656E644576656E743E0D0A202020203C73657175656E6365466C6F772069643D22666C6F7731342220736F757263655265663D2273746172746576656E743122207461726765745265663D226F6E65557365724964223E3C2F73657175656E6365466C6F773E0D0A202020203C73657175656E6365466C6F772069643D22666C6F7731362220736F757263655265663D226469726563746F72496422207461726765745265663D227369642D42463744353235352D443546412D343837372D413545352D414330463041393145394131223E3C2F73657175656E6365466C6F773E0D0A202020203C656E644576656E742069643D227369642D41463934323632442D353446442D343539452D423133302D34414145304138374534384322206E616D653D22E7BB93E69D9F223E3C2F656E644576656E743E0D0A202020203C73657175656E6365466C6F772069643D22666C6F7731302220736F757263655265663D2274776F55736572496422207461726765745265663D226578636C75736976656761746577617933223E3C2F73657175656E6365466C6F773E0D0A202020203C73657175656E6365466C6F772069643D22666C6F77313222206E616D653D22E5908CE6848F2220736F757263655265663D226578636C7573697665676174657761793322207461726765745265663D226469726563746F724964223E0D0A2020202020203C636F6E646974696F6E45787072657373696F6E207873693A747970653D2274466F726D616C45787072657373696F6E223E3C215B43444154415B247B74776F417070726F76653D3D2774727565277D5D5D3E3C2F636F6E646974696F6E45787072657373696F6E3E0D0A202020203C2F73657175656E6365466C6F773E0D0A202020203C73657175656E6365466C6F772069643D22666C6F77362220736F757263655265663D226F6E6555736572496422207461726765745265663D226578636C75736976656761746577617931223E3C2F73657175656E6365466C6F773E0D0A202020203C73657175656E6365466C6F772069643D22666C6F773322206E616D653D22E5908CE6848F2220736F757263655265663D226578636C7573697665676174657761793122207461726765745265663D2274776F557365724964223E0D0A2020202020203C636F6E646974696F6E45787072657373696F6E207873693A747970653D2274466F726D616C45787072657373696F6E223E3C215B43444154415B247B6F6E65417070726F76653D3D2774727565277D5D5D3E3C2F636F6E646974696F6E45787072657373696F6E3E0D0A202020203C2F73657175656E6365466C6F773E0D0A202020203C73657175656E6365466C6F772069643D22666C6F77313822206E616D653D22E5908CE6848F2220736F757263655265663D227369642D42463744353235352D443546412D343837372D413545352D41433046304139314539413122207461726765745265663D226D61696E456E64223E0D0A2020202020203C636F6E646974696F6E45787072657373696F6E207873693A747970653D2274466F726D616C45787072657373696F6E223E3C215B43444154415B247B66696E616C6C79417070726F76653D3D2774727565277D5D5D3E3C2F636F6E646974696F6E45787072657373696F6E3E0D0A202020203C2F73657175656E6365466C6F773E0D0A202020203C73657175656E6365466C6F772069643D22666C6F773422206E616D653D22E68B92E7BB9D2220736F757263655265663D226578636C7573697665676174657761793122207461726765745265663D227369642D41463934323632442D353446442D343539452D423133302D344141453041383745343843223E0D0A2020202020203C636F6E646974696F6E45787072657373696F6E207873693A747970653D2274466F726D616C45787072657373696F6E223E3C215B43444154415B247B6F6E65417070726F76653D3D2766616C7365277D5D5D3E3C2F636F6E646974696F6E45787072657373696F6E3E0D0A202020203C2F73657175656E6365466C6F773E0D0A202020203C73657175656E6365466C6F772069643D22666C6F77313122206E616D653D22E68B92E7BB9D2220736F757263655265663D226578636C7573697665676174657761793322207461726765745265663D227369642D41463934323632442D353446442D343539452D423133302D344141453041383745343843223E0D0A2020202020203C636F6E646974696F6E45787072657373696F6E207873693A747970653D2274466F726D616C45787072657373696F6E223E3C215B43444154415B247B74776F417070726F76653D3D2766616C7365277D5D5D3E3C2F636F6E646974696F6E45787072657373696F6E3E0D0A202020203C2F73657175656E6365466C6F773E0D0A202020203C73657175656E6365466C6F772069643D22666C6F77313722206E616D653D22E68B92E7BB9D2220736F757263655265663D227369642D42463744353235352D443546412D343837372D413545352D41433046304139314539413122207461726765745265663D227369642D41463934323632442D353446442D343539452D423133302D344141453041383745343843223E0D0A2020202020203C636F6E646974696F6E45787072657373696F6E207873693A747970653D2274466F726D616C45787072657373696F6E223E3C215B43444154415B247B66696E616C6C79417070726F76653D3D2766616C7365277D5D5D3E3C2F636F6E646974696F6E45787072657373696F6E3E0D0A202020203C2F73657175656E6365466C6F773E0D0A20203C2F70726F636573733E0D0A20203C62706D6E64693A42504D4E4469616772616D2069643D2242504D4E4469616772616D5F67616E73755F70726F63657373223E0D0A202020203C62706D6E64693A42504D4E506C616E652062706D6E456C656D656E743D2267616E73755F70726F63657373222069643D2242504D4E506C616E655F67616E73755F70726F63657373223E0D0A2020202020203C62706D6E64693A42504D4E53686170652062706D6E456C656D656E743D226F6E65557365724964222069643D2242504D4E53686170655F6F6E65557365724964223E0D0A20202020202020203C6F6D6764633A426F756E6473206865696768743D2235352E30222077696474683D223130352E302220783D223232352E302220793D223231302E30223E3C2F6F6D6764633A426F756E64733E0D0A2020202020203C2F62706D6E64693A42504D4E53686170653E0D0A2020202020203C62706D6E64693A42504D4E53686170652062706D6E456C656D656E743D226578636C75736976656761746577617931222069643D2242504D4E53686170655F6578636C75736976656761746577617931223E0D0A20202020202020203C6F6D6764633A426F756E6473206865696768743D2234302E30222077696474683D2234302E302220783D223339302E302220793D223231372E35223E3C2F6F6D6764633A426F756E64733E0D0A2020202020203C2F62706D6E64693A42504D4E53686170653E0D0A2020202020203C62706D6E64693A42504D4E53686170652062706D6E456C656D656E743D2274776F557365724964222069643D2242504D4E53686170655F74776F557365724964223E0D0A20202020202020203C6F6D6764633A426F756E6473206865696768743D2235352E30222077696474683D223130352E302220783D223438302E302220793D223231302E30223E3C2F6F6D6764633A426F756E64733E0D0A2020202020203C2F62706D6E64693A42504D4E53686170653E0D0A2020202020203C62706D6E64693A42504D4E53686170652062706D6E456C656D656E743D226578636C75736976656761746577617933222069643D2242504D4E53686170655F6578636C75736976656761746577617933223E0D0A20202020202020203C6F6D6764633A426F756E6473206865696768743D2234302E30222077696474683D2234302E302220783D223639302E302220793D223231372E35223E3C2F6F6D6764633A426F756E64733E0D0A2020202020203C2F62706D6E64693A42504D4E53686170653E0D0A2020202020203C62706D6E64693A42504D4E53686170652062706D6E456C656D656E743D2273746172746576656E7431222069643D2242504D4E53686170655F73746172746576656E7431223E0D0A20202020202020203C6F6D6764633A426F756E6473206865696768743D2233302E30222077696474683D2233302E302220783D223132302E302220793D223232322E35223E3C2F6F6D6764633A426F756E64733E0D0A2020202020203C2F62706D6E64693A42504D4E53686170653E0D0A2020202020203C62706D6E64693A42504D4E53686170652062706D6E456C656D656E743D226469726563746F724964222069643D2242504D4E53686170655F6469726563746F724964223E0D0A20202020202020203C6F6D6764633A426F756E6473206865696768743D2238302E30222077696474683D223130302E302220783D223738302E302220793D223139342E30223E3C2F6F6D6764633A426F756E64733E0D0A2020202020203C2F62706D6E64693A42504D4E53686170653E0D0A2020202020203C62706D6E64693A42504D4E53686170652062706D6E456C656D656E743D227369642D42463744353235352D443546412D343837372D413545352D414330463041393145394131222069643D2242504D4E53686170655F7369642D42463744353235352D443546412D343837372D413545352D414330463041393145394131223E0D0A20202020202020203C6F6D6764633A426F756E6473206865696768743D2234302E30222077696474683D2234302E302220783D223933302E302220793D223231342E30223E3C2F6F6D6764633A426F756E64733E0D0A2020202020203C2F62706D6E64693A42504D4E53686170653E0D0A2020202020203C62706D6E64693A42504D4E53686170652062706D6E456C656D656E743D226D61696E456E64222069643D2242504D4E53686170655F6D61696E456E64223E0D0A20202020202020203C6F6D6764633A426F756E6473206865696768743D2232382E30222077696474683D2232382E302220783D22313031352E302220793D223232302E30223E3C2F6F6D6764633A426F756E64733E0D0A2020202020203C2F62706D6E64693A42504D4E53686170653E0D0A2020202020203C62706D6E64693A42504D4E53686170652062706D6E456C656D656E743D227369642D41463934323632442D353446442D343539452D423133302D344141453041383745343843222069643D2242504D4E53686170655F7369642D41463934323632442D353446442D343539452D423133302D344141453041383745343843223E0D0A20202020202020203C6F6D6764633A426F756E6473206865696768743D2232382E30222077696474683D2232382E302220783D223339362E302220793D223430352E30223E3C2F6F6D6764633A426F756E64733E0D0A2020202020203C2F62706D6E64693A42504D4E53686170653E0D0A2020202020203C62706D6E64693A42504D4E456467652062706D6E456C656D656E743D22666C6F773137222069643D2242504D4E456467655F666C6F773137223E0D0A20202020202020203C6F6D6764693A776179706F696E7420783D223935302E302220793D223235342E30223E3C2F6F6D6764693A776179706F696E743E0D0A20202020202020203C6F6D6764693A776179706F696E7420783D223935302E302220793D223333372E30223E3C2F6F6D6764693A776179706F696E743E0D0A20202020202020203C6F6D6764693A776179706F696E7420783D223432332E3834313332363033373833322220793D223431362E3839383136393030393037223E3C2F6F6D6764693A776179706F696E743E0D0A2020202020203C2F62706D6E64693A42504D4E456467653E0D0A2020202020203C62706D6E64693A42504D4E456467652062706D6E456C656D656E743D22666C6F773138222069643D2242504D4E456467655F666C6F773138223E0D0A20202020202020203C6F6D6764693A776179706F696E7420783D223937302E302220793D223233342E30223E3C2F6F6D6764693A776179706F696E743E0D0A20202020202020203C6F6D6764693A776179706F696E7420783D22313031352E302220793D223233342E30223E3C2F6F6D6764693A776179706F696E743E0D0A2020202020203C2F62706D6E64693A42504D4E456467653E0D0A2020202020203C62706D6E64693A42504D4E456467652062706D6E456C656D656E743D22666C6F773134222069643D2242504D4E456467655F666C6F773134223E0D0A20202020202020203C6F6D6764693A776179706F696E7420783D223135302E302220793D223233372E35223E3C2F6F6D6764693A776179706F696E743E0D0A20202020202020203C6F6D6764693A776179706F696E7420783D223232352E302220793D223233372E35223E3C2F6F6D6764693A776179706F696E743E0D0A2020202020203C2F62706D6E64693A42504D4E456467653E0D0A2020202020203C62706D6E64693A42504D4E456467652062706D6E456C656D656E743D22666C6F7733222069643D2242504D4E456467655F666C6F7733223E0D0A20202020202020203C6F6D6764693A776179706F696E7420783D223433302E302220793D223233372E35223E3C2F6F6D6764693A776179706F696E743E0D0A20202020202020203C6F6D6764693A776179706F696E7420783D223438302E302220793D223233372E35223E3C2F6F6D6764693A776179706F696E743E0D0A2020202020203C2F62706D6E64693A42504D4E456467653E0D0A2020202020203C62706D6E64693A42504D4E456467652062706D6E456C656D656E743D22666C6F7734222069643D2242504D4E456467655F666C6F7734223E0D0A20202020202020203C6F6D6764693A776179706F696E7420783D223431302E302220793D223235372E35223E3C2F6F6D6764693A776179706F696E743E0D0A20202020202020203C6F6D6764693A776179706F696E7420783D223431302E302220793D223430352E30223E3C2F6F6D6764693A776179706F696E743E0D0A2020202020203C2F62706D6E64693A42504D4E456467653E0D0A2020202020203C62706D6E64693A42504D4E456467652062706D6E456C656D656E743D22666C6F773136222069643D2242504D4E456467655F666C6F773136223E0D0A20202020202020203C6F6D6764693A776179706F696E7420783D223838302E302220793D223233342E30223E3C2F6F6D6764693A776179706F696E743E0D0A20202020202020203C6F6D6764693A776179706F696E7420783D223933302E302220793D223233342E30223E3C2F6F6D6764693A776179706F696E743E0D0A2020202020203C2F62706D6E64693A42504D4E456467653E0D0A2020202020203C62706D6E64693A42504D4E456467652062706D6E456C656D656E743D22666C6F7736222069643D2242504D4E456467655F666C6F7736223E0D0A20202020202020203C6F6D6764693A776179706F696E7420783D223333302E302220793D223233372E35223E3C2F6F6D6764693A776179706F696E743E0D0A20202020202020203C6F6D6764693A776179706F696E7420783D223339302E302220793D223233372E35223E3C2F6F6D6764693A776179706F696E743E0D0A2020202020203C2F62706D6E64693A42504D4E456467653E0D0A2020202020203C62706D6E64693A42504D4E456467652062706D6E456C656D656E743D22666C6F773130222069643D2242504D4E456467655F666C6F773130223E0D0A20202020202020203C6F6D6764693A776179706F696E7420783D223538352E302220793D223233372E35223E3C2F6F6D6764693A776179706F696E743E0D0A20202020202020203C6F6D6764693A776179706F696E7420783D223639302E302220793D223233372E35223E3C2F6F6D6764693A776179706F696E743E0D0A2020202020203C2F62706D6E64693A42504D4E456467653E0D0A2020202020203C62706D6E64693A42504D4E456467652062706D6E456C656D656E743D22666C6F773131222069643D2242504D4E456467655F666C6F773131223E0D0A20202020202020203C6F6D6764693A776179706F696E7420783D223731302E302220793D223235372E35223E3C2F6F6D6764693A776179706F696E743E0D0A20202020202020203C6F6D6764693A776179706F696E7420783D223731302E302220793D223333372E30223E3C2F6F6D6764693A776179706F696E743E0D0A20202020202020203C6F6D6764693A776179706F696E7420783D223432332E35303436313337313631313634372220793D223431352E3330383733383931373539343834223E3C2F6F6D6764693A776179706F696E743E0D0A2020202020203C2F62706D6E64693A42504D4E456467653E0D0A2020202020203C62706D6E64693A42504D4E456467652062706D6E456C656D656E743D22666C6F773132222069643D2242504D4E456467655F666C6F773132223E0D0A20202020202020203C6F6D6764693A776179706F696E7420783D223732392E343333313938333830353636382220793D223233362E39333331393833383035363638223E3C2F6F6D6764693A776179706F696E743E0D0A20202020202020203C6F6D6764693A776179706F696E7420783D223738302E302220793D223233352E3435383333333333333333333334223E3C2F6F6D6764693A776179706F696E743E0D0A2020202020203C2F62706D6E64693A42504D4E456467653E0D0A202020203C2F62706D6E64693A42504D4E506C616E653E0D0A20203C2F62706D6E64693A42504D4E4469616772616D3E0D0A3C2F646566696E6974696F6E733E, '0');
INSERT INTO `act_ge_bytearray` VALUES ('7503', '1', 'C:\\code\\backend\\cmict-server\\cmict-activiti\\target\\classes\\process\\provincePocess.bpmn20.xml', '7501', 0x3C3F786D6C2076657273696F6E3D22312E302220656E636F64696E673D225554462D38223F3E0D0A3C646566696E6974696F6E7320786D6C6E733D22687474703A2F2F7777772E6F6D672E6F72672F737065632F42504D4E2F32303130303532342F4D4F44454C2220786D6C6E733A7873693D22687474703A2F2F7777772E77332E6F72672F323030312F584D4C536368656D612D696E7374616E63652220786D6C6E733A7873643D22687474703A2F2F7777772E77332E6F72672F323030312F584D4C536368656D612220786D6C6E733A61637469766974693D22687474703A2F2F61637469766974692E6F72672F62706D6E2220786D6C6E733A62706D6E64693D22687474703A2F2F7777772E6F6D672E6F72672F737065632F42504D4E2F32303130303532342F44492220786D6C6E733A6F6D6764633D22687474703A2F2F7777772E6F6D672E6F72672F737065632F44442F32303130303532342F44432220786D6C6E733A6F6D6764693D22687474703A2F2F7777772E6F6D672E6F72672F737065632F44442F32303130303532342F44492220747970654C616E67756167653D22687474703A2F2F7777772E77332E6F72672F323030312F584D4C536368656D61222065787072657373696F6E4C616E67756167653D22687474703A2F2F7777772E77332E6F72672F313939392F585061746822207461726765744E616D6573706163653D22687474703A2F2F7777772E61637469766974692E6F72672F70726F63657373646566223E0D0A20203C70726F636573732069643D2270726F76696E6365506F636573732220697345786563757461626C653D2274727565223E0D0A202020203C73746172744576656E742069643D227374617274222061637469766974693A696E69746961746F723D22247B6170706C797573657269647D223E3C2F73746172744576656E743E0D0A202020203C73756250726F636573732069643D2273756270726F6365737322206E616D653D22E5AD90E6B581E7A88B223E0D0A2020202020203C73746172744576656E742069643D227375627374617274223E3C2F73746172744576656E743E0D0A2020202020203C757365725461736B2069643D2270726F76696E6365496422206E616D653D22E79C81E995BF222061637469766974693A61737369676E65653D22247B70726F76696E6365557365727D222061637469766974693A63616E64696461746547726F7570733D22E79C81E995BF223E0D0A20202020202020203C6D756C7469496E7374616E63654C6F6F7043686172616374657269737469637320697353657175656E7469616C3D2266616C7365222061637469766974693A636F6C6C656374696F6E3D2270726F76696E63654C697374222061637469766974693A656C656D656E745661726961626C653D2270726F76696E636555736572223E3C2F6D756C7469496E7374616E63654C6F6F704368617261637465726973746963733E0D0A2020202020203C2F757365725461736B3E0D0A2020202020203C656E644576656E742069643D22656E64223E3C2F656E644576656E743E0D0A2020202020203C73657175656E6365466C6F772069643D22666C6F77322220736F757263655265663D22737562737461727422207461726765745265663D2270726F76696E63654964223E3C2F73657175656E6365466C6F773E0D0A2020202020203C73657175656E6365466C6F772069643D22666C6F77332220736F757263655265663D2270726F76696E6365496422207461726765745265663D22656E64223E3C2F73657175656E6365466C6F773E0D0A202020203C2F73756250726F636573733E0D0A202020203C73657175656E6365466C6F772069643D22666C6F77312220736F757263655265663D22737461727422207461726765745265663D2273756270726F63657373223E3C2F73657175656E6365466C6F773E0D0A20203C2F70726F636573733E0D0A20203C62706D6E64693A42504D4E4469616772616D2069643D2242504D4E4469616772616D5F70726F76696E6365506F63657373223E0D0A202020203C62706D6E64693A42504D4E506C616E652062706D6E456C656D656E743D2270726F76696E6365506F63657373222069643D2242504D4E506C616E655F70726F76696E6365506F63657373223E0D0A2020202020203C62706D6E64693A42504D4E53686170652062706D6E456C656D656E743D227374617274222069643D2242504D4E53686170655F7374617274223E0D0A20202020202020203C6F6D6764633A426F756E6473206865696768743D2233302E30222077696474683D2233302E302220783D223135302E302220793D223230342E35223E3C2F6F6D6764633A426F756E64733E0D0A2020202020203C2F62706D6E64693A42504D4E53686170653E0D0A2020202020203C62706D6E64693A42504D4E53686170652062706D6E456C656D656E743D2273756270726F63657373222069643D2242504D4E53686170655F73756270726F63657373223E0D0A20202020202020203C6F6D6764633A426F756E6473206865696768743D223232392E30222077696474683D223535352E302220783D223330302E302220793D223130352E30223E3C2F6F6D6764633A426F756E64733E0D0A2020202020203C2F62706D6E64693A42504D4E53686170653E0D0A2020202020203C62706D6E64693A42504D4E53686170652062706D6E456C656D656E743D227375627374617274222069643D2242504D4E53686170655F7375627374617274223E0D0A20202020202020203C6F6D6764633A426F756E6473206865696768743D2233302E30222077696474683D2233302E302220783D223333302E363636363636363636363636372220793D223231342E30223E3C2F6F6D6764633A426F756E64733E0D0A2020202020203C2F62706D6E64693A42504D4E53686170653E0D0A2020202020203C62706D6E64693A42504D4E53686170652062706D6E456C656D656E743D2270726F76696E63654964222069643D2242504D4E53686170655F70726F76696E63654964223E0D0A20202020202020203C6F6D6764633A426F756E6473206865696768743D2238302E30222077696474683D223130302E302220783D223430352E363636363636363636363636372220793D223138392E30223E3C2F6F6D6764633A426F756E64733E0D0A2020202020203C2F62706D6E64693A42504D4E53686170653E0D0A2020202020203C62706D6E64693A42504D4E53686170652062706D6E456C656D656E743D22656E64222069643D2242504D4E53686170655F656E64223E0D0A20202020202020203C6F6D6764633A426F756E6473206865696768743D2232382E30222077696474683D2232372E3939393939393939393939393934332220783D223535302E363636363636363636363636372220793D223231352E30223E3C2F6F6D6764633A426F756E64733E0D0A2020202020203C2F62706D6E64693A42504D4E53686170653E0D0A2020202020203C62706D6E64693A42504D4E456467652062706D6E456C656D656E743D22666C6F7731222069643D2242504D4E456467655F666C6F7731223E0D0A20202020202020203C6F6D6764693A776179706F696E7420783D223138302E302220793D223231392E35223E3C2F6F6D6764693A776179706F696E743E0D0A20202020202020203C6F6D6764693A776179706F696E7420783D223330302E302220793D223231392E35223E3C2F6F6D6764693A776179706F696E743E0D0A2020202020203C2F62706D6E64693A42504D4E456467653E0D0A2020202020203C62706D6E64693A42504D4E456467652062706D6E456C656D656E743D22666C6F7732222069643D2242504D4E456467655F666C6F7732223E0D0A20202020202020203C6F6D6764693A776179706F696E7420783D223336302E363636363636363636363636372220793D223232392E30223E3C2F6F6D6764693A776179706F696E743E0D0A20202020202020203C6F6D6764693A776179706F696E7420783D223430352E363636363636363636363636372220793D223232392E30223E3C2F6F6D6764693A776179706F696E743E0D0A2020202020203C2F62706D6E64693A42504D4E456467653E0D0A2020202020203C62706D6E64693A42504D4E456467652062706D6E456C656D656E743D22666C6F7733222069643D2242504D4E456467655F666C6F7733223E0D0A20202020202020203C6F6D6764693A776179706F696E7420783D223530352E363636363636363636363636372220793D223232392E30223E3C2F6F6D6764693A776179706F696E743E0D0A20202020202020203C6F6D6764693A776179706F696E7420783D223535302E363636363636363636363636372220793D223232392E30223E3C2F6F6D6764693A776179706F696E743E0D0A2020202020203C2F62706D6E64693A42504D4E456467653E0D0A202020203C2F62706D6E64693A42504D4E506C616E653E0D0A20203C2F62706D6E64693A42504D4E4469616772616D3E0D0A3C2F646566696E6974696F6E733E, '0');
INSERT INTO `act_ge_bytearray` VALUES ('7504', '1', 'C:\\code\\backend\\cmict-server\\cmict-activiti\\target\\classes\\process\\gansu_process.gansu_process.png', '7501', 0x89504E470D0A1A0A0000000D494844520000041D000001BB08060000008F78EDCA00002C4C4944415478DAEDDD0B985D557930E0C1A2557E6BB15A2F1515C52A5AEBA53F56EBA5C46B432511953DF7CC0C2AA1864424094AA9692834464331BF68356A042FD1A0A851A302B911928E44228802224493121C4312C20001C2FDF45BE93EFC87C94C72E67E2EEFFB3CDFB326E79C9939D9677F6BEFFDCD5A7B353400000000000000000000000000000000000000000000000000000000000000000000000000000000000000000000000000000000000000000000000000000000000000000000000000000000000000000000000000000000000000000000000000000000000000000000000000000000000000000000000000000000000000000000000000000000000000000000000000000000000000000000000000000000000000000000000000000000000000000000000000000000000000000000000000000000000000000000000000000000000000000000000000000000000000000000000000000000000000000000000000000000000000000000000000000000000000000000000000000000000000000000000000000000000000000000000000000000000000000000000000000000000000000000000000000000000000000000000000000000000000000000000000000000000000000000000000000000000000000000000000000000000000000000000000000000000000000000000000000000000000000000000000000000000000000000000000000000000000000000000000000000000000000000000000000000000000000000000000000000000000000000000000000000000000000000000000000000000000000000000000000000000000000000000000000000000000000000000000000000000000000000000000000000000000000000000000000000000000000000000000000000000000000000000000000000000000000000000000000000000000000000000000000000000000000000000000000000000000000000000000000000000000000000000000000000000000000000000000000000000000000000000000000000000000000000000000000000000000000000000000000000000000000000000000000000000000000000000000000000000000000000000000000000000000000000000000000000000000000000000000000000000000000000000000000000000000000000000000000000000000000000000000000000000000000000000000000000000000000000000000000000000000000000000000000034140A8583376FDE7CD1860D1B1E5EBD7A7561E5CA95628C63D5AA558575EBD6DD16D16E8F040000A066A482C3FAF5EB0B3B76EC28DC7FFFFD629C62E7CE9D85CB2FBFFCCE55AB561D6FAF040000A026A4110E0A0E155378B87FE5CA9537D82B010000A809694A850BFECA89952B573E68AF040000A026A47B0AB8D8AFA8A243C15E090000405D151DEEBE635B61F3C60B0AD7AF3A6B6FA4AFD3630A058A0E00000030E4A2C3EEDE9EC27597CE29FCF2C7A73D26D263E939C50245070000001852D1E196EB7FB84FC1A118BFBF7EB96281A2030000000CADE870C3659F1CB0E8909E532C50740000008021151DAE5B79E6804587F49C6281A203000000283A283A00000040E5141DD26A1503151DD2738A058A0E00000030A4A2C3A6EECF0E587448CF2916283A000000C0908A0EBB7A7E55B86EC5DC7DA756C463E939C50245070000001852D121C5969F7F6D9FA2437A4CA140D101000000865E74B8EFBEC2A69F7E7EDFA915F1587A4EB140D10180715228140EDEBC79F3451B366C7878F5EAD57B0F2462FC63D5AA558575EBD6DD16D16E2F45EECB7D507418F82278776F4FE1A6EECF0C784F87F45C7A8D8281A20300E3205D74AC5FBFBEB063C70E07D20A8B9D3B77162EBFFCF23BE322E4787B2A725FEE83A2C3BEA31BB66D5A53B8F69233062C381423BD26BDD6A807450700C658FA2BA78B8E8ABEF8B83F0EEE37D85391FB721F141DCA1FDD60D483A2030015220DAB7600ADF883FB83F654E4BEDC074587FF1FE58C6ED8DFA8077D8CA2C32838D4260028F3402E1CDC91FB42EE4325F757432D3814431FA36F1A6113230A790BC0502E3CEEBE635B61F3C60B0AD7AF3A6B6FA4AFD3630EBE0EEEC87D21F7419154DF54C7DE16D11BB1306F8FB549000679204F731FAFBB74CE3E7F25488F9917E9E05E050C7794FB721FFD95A283D0378D66C1A1586848231D762A3C000CF2407ECBF53F1C7078E2EFAF5FEE00ECE05EC90C7794FB721FFD95A283D0378D45C1E1408F0338900F14375CF6C9012F3CD2730EC00EEE157E3260B8A3DC97FBE8AF141D84BE69A48B84FBCBD5E2F38A8800E51CC8AF5B79E680171EE939076007F70A3E8137DC51EECB7DF4578A0E42DF341A05878983CC6D425B5BDB614D4D4DD39B9B9B2F8AD814B13BA210B127624B3CB72CDAD9E975B616B8F070E1E1E05E2D27F00EFE725FEEA3BF527410FAA691CCD989A3F4FA9AD5D2D2725CC4CA88FBF32243397159BCBE5D2F087570204F77AC1FE8C2233DE700ECE05E410C7794FB721FFD95A283D0378D6591B09CEFDB5DAFB9DCDCDC7C784B4BCB25832834F417EBB32C7B91C306C39286CF9C7CF2C9679C72CA2957BCEF7DEFDBDEDEDEBEB702D6DADAFA405757D78ECECECE8B0DB319BF03F9A6EECF0E78E1919E73007670AFB01378C31DE5BEDC477FA5E820F44D955070A8EB5C6E6A6A6A8EEBB9DB4B0B08713D57983F7F7E61CD9A3585AD5BB716EEBAEBAE4272CF3DF7147A7A7A0ADDDDDD85850B1716A64C99D2B7F0B0DBA8078664C68C196D3367CEFC6DB4F72F5AB4E8E10D1B36ECDDD9F6ECD9B377E74BED8E1D3B0A575D7555E18B5FFCE2AE134F3C71577B7BFB7FD9E1C6F640BEABE75785EB56CCDD7778753C969E73007670AFA09301C31DE5BEDC477FA5E820F44DA351243CB6427E4EB5141C8E8D6BB6874A8B0D4B962CD97B6D578EDEDEDEBDAF4FDF575A7C889FF9018711CA3275EAD4234E3DF5D4DFCC9A35EBC1545078E8A1870AE5BAFAEAABEF9E366DDA2DB1C3751B66337607F22D3FFFDA3E171EE931075F07F70A3A8137DC51EECB7DF4578A0E42DF341A058789E3DC07545BC1A1B9B4E03073E6CCBDA31A86227DDF69A79DD6B7F0E00FD0ECDF9C3973669E78E2890F2C5FBE7C50C586BE962D5B764B5B5BDB4E3BDD181CC8EFBBAFB0E9A79FDF7778753C969E73007670AFC213F8BA3AF8CB7DB98FFE4AD141E89B869C73C582C341119D793B187DBFAFA6472FA57B38944EA9983B77EEA35328862A4DBD98376F5EDFA916473AACD0AF458B167D6CFAF4E90FDF74D34D8591B065CB967B3A3B3B6F35CC66F40EE4BB7B7B0A37757F66C079DDE9B9F41A076107F77160B8A3DC97FBE8AFF45742DF341645C25430F87244216FCB2D3C0CF47D355B78686D6D5D553AC261B80587D2C2439F110FEB1D5AD8C739E79C3377FAF4E98F943B8FA75CDBB76FBFAFA3A3639B110F237C20BFEFBEC2B64D6B0AD75E72C680171DC548AF49AFF5974F07F771388137DC51EECB7DF4578A0E42DF349A0587A4332F1C14065178282D3814A3A3968B886959CCD27B380C754AC5FEA65A94DEE3C1F51F7D0B0EAF38E9A493466C84435F9B376FBEADB5B575BB61362373203FD05F38FDE5D3C1BD424E060C7794FB721FFD95A283D0378D4691F0D8320A08FB2B3CF4F7FAC5FDBCBEA68A88712DB6B258104837811C0D4B972E35DA81FE9D7EFAE97F48F770184D175E78E12FEC782373202FE72F9CFBFBCBA703B283FB18FEF5C17047B92FF7D15F293A087DD3632E7C23DE388C82C3C4411412FACBE5720B0E0DD592CBE56CD3B6B6B6C38A378F4CA31176EDDA352AD77C69558B3ECB691EEE7043C3B9E79E3B3B3CF2C0030F14465B5757D74D86D90CFF403ED48B8E623820BBF018A313F8C47047B92FF7D15F55617F9546A7A625F5141DF44D23AD64E8FDCAD8C75E37C89C9D38849C2CCDE5C1161C4A7FFFCE4ACDE572B6693C3EBDF8BA050B168CEA35DFC2850B4B8B0EB31D7248AB55F4A66531C7C295575E79A3D10EFE7AE0E05E930C7794FB721FFD550DF557A9E8902E18E242E517E962A5ABABEB89FA2B7DD3485E2097C4C507F82BFD607368A05C7EDC100B0E155F442C679BC66317159F5FBB76EDA85EF375777797BE97E50E3B756EC58A156F9D3163C6B096C61CAC8E8E8EAD86D9B8F07070AFC91378C31DE5BEDC477F5523FD553A57EB7311B333E26359963D597FA56F1AE10BE447FF4ADF4FF161A845BBFE72F4C661141C2ABA8858CE368D7F6F2A3E3ED23790ECABA7A7A7F47DDCE2D053E7162D5AB46CF1E2C585B1347FFEFC7586D9943F9FCD81DCC1BDD2F6C9219E48D7E57047B92FF7D15F556B7F9565D9B306B890D9DDD4D4F4A5D29B83EBAFF44D2371815CFA57FA7C8AC0704716F497ABC32938546C11B19C6D1A716FF1DF23B54CE6FE96CF2CF9DD7B1CB5EADCD9679FBD6DC3860D635A7458B76EDDAF0CB3297F3E9B03B9837BA5ED93C3A8F6D7DD7047B92FF7D15FD5427F75A08B43FD556545199F5BC5C77BDEF39E627E2D1CE66E9C72B6EF08871BF3C7876361356FDFB150FAFB1CB5EADC8C19331ED8B66DDB98161DE2F7DD62984DF9F3D91CC85D7854DA3E39C413F8FD9DC8D7EC7047B92FF7D15F8D777F3575EAD4C76759F6A7EDEDEDCF6E6A6A3AA2ADADEDAF637BBDB6B1B1F1CDD1BE331ECB62DB7546FBC16867C56373A29D1FEDA7CBB8787930E27EFD95BE69848A591BD3CD4B274C9870709F22DD504714EC6FA4C3971BEA63A4C3A3DB348D5232D28171D1D9D9F9C89E3D7BC6B4E810BFEF6E3B5FF9F3D91CC81DDC2B6D9F6C30DC51EE0B4507FDD588F457871C72C8BBE2FD3E3DCBB2E7E5AB45FC4D7AFFD1BE23DAE3E2FFD41AED07A2FD503C767AB46745FB1FD17E2EE22BE9C670F1EF1F477B59C4CF22AE8DF85DC4B6883BF3A2C003117744FC21E2B7F1FA34E27443FCDC35D1FE28DA6FE73FEB73F9CF3E2BFF5D1FCABF6F9FED1CCF6F8BEFFBE78867C67B7F52B5F557037C9E653FAF6F1AF1FCED5B6CE89B2BBB47A9683894C243B5DCD3619F6DEA9E0E8CEB0E3A1E0CB33164D1854775EE936F0B0D153EDC31FF5987CA7D21F7EBFB185AE1FDD54191E78FC4057B7AAFB745DC1C7143C4556995AF884BE3F965D17E23DD3F218D3AC8471FA45108B3F2510969744296462BE4A3165E9B4631B4B6B6BE30DD8F21BE7ECA00177183D9CE5BFADECF21E29CAEAEAEC7F4B1D55874D8DF63077A5EDF3462F97B452AAE95B19F0EF68F0A03DD77A5BFE95183293C54C3EA15036E53AB57306EC671A44341941F4EEECD9DACA438FAE8A30B0D153CDCB156B6B3A283DC17B5DF5F55C1C8AC1B8AD32852F1231533FA7B9DA283A2C320F7ABFD8D6C18EE088303DDE875B04BE3161DD550C137822D679BA6A56F8B7DE382050B46F57A6FE1C285A57D71DD2F2050F7DCD3A122FF4AF3984EA3920FE40DC31C9ED85023C31BEB60A4437F0732C31DE5BEDC37D2417F55FBFD559AB671596B6BEBABF6F73A45077DD31839D04883725796196CE1A1D8871C57CD1BAFADADEDB07CCA5521BE2EECDAB56B54AEF57A7B7B0BEDEDED8F94F4CB873B6AD539AB5754D40953BF15CA4ABFF018CE41BB560EFA355C743850D5DC7047B92FF7D15FD5767F55D6C582A283BE690C0D54B41BEC52B6E5161E8ABFEFB85AD878E9BE37C57E73C99225A372ADB774E9D2D2BE79BD23160D8B162D5AB678F1E2312D3ACC9F3F7F9D6136E5CF6773E1E1C2A3D2F6C9320FFE83FDEB434D0E7794FB721FFD5535F757E55274D0378DB189FDE45267C3E06FF4DA5F2E77546B91B0CCA2C371C5FE338D7618E91B4AA69FD7DADAFA48C9CD7DDB1DB16858B162C55B67CC985178E8A187C6ACE8D0D1D1B1D5309BF2E7B3B9F070E15169FBE400077FC31DE5BEDC477F55E3C3B3151D141D2AACF0503A7AA9342707B3B2CC40DF5715F75D1962FF7959B1283073E6CC115B3E332D93396BD6AC874A47390CF766B6D4903973E6F45E75D555635270B8F2CA2B6F34CCA6760EE42E3C5C78F439A136DC51EECB7DF457FA2B4B66EA9BC62B9753EE75340CFE3E2B7DBF6F62AD161CF2A2C3E1113B8BC581B973E70EBBF0900A0EF3E6CD2BBD8FC3EEB40CB0C30D8F3AF7DC73678747C662B4C309279C708361362E3C5C78D4F45F1D0C7794FB721FFD95FE4AE89BC6BB8838927D43CD696A6A6A2EDE54B238E261A8532DD2F7F519E1605A05FDFBC8473E72EBF2E5CB47B5E070E18517FEC2301B171E2E3CEAE244DE7047B92FF7D15FE9AF84BEA9DA0A0F55B3B2CC4888EBB2AED2C243BAC743BAB9645A7DA2DC552AD24D234BEFE190A2A9A9E9748717FA75CE39E7BCE2A4934E7AF8A69B6E1A9582C3E6CD9B6F8B1D72BB6136B577E1D160D93C171E073E681BEE28F7E53EFA2BFD95D0378D651171ACBFBF2AA5110F11BDA54583547C58B0604161EDDAB57B473114A75EA429143D3D3D85EEEEEEC279E79D57E8ECEC7CB8CF2A42BB5321C3618503151EE64E9F3EFD911D3B768C68C161FBF6EDF77574746C33CCC681DCC1BDAE4FE447E264A2E6873BCA7DB98FFE4A7F25F44DC32E3C1C3BC43E60623D6EB4748F87D2A5348718EBFD7199C1141E164C9F3E7DC4463C6CD9B2E59ECECECEED86D938903BB83B91AFA00B02B92FE43EFA2BFD95BE492ED76DCE0E507C383E2F3E3C389862431ADD60FA3C833667CE9C99EF7FFFFB1F4CF77818CECD25972D5B764B5B5BDB4EC36C1CC81DDCEB9AE18E725FEEA3BFD25F097D5325161E8E6AA8E1A56C872AAEDF0E6B6969F9705CC35D14B125624F5E6048ED2D11CB2366A71112B616C33275EAD4234E3DF5D44DE94EA4D75C73CDA08A0DF1FADDD3A74FDFDADADAFA53C36C1CC81DDC6930DC51EECB7DF457FA2BA16F1AFB5CDEBD9F9C2C4E83527080F176F2C92777CE9C39F377D3A64D7B60F1E2C5858D1B3716B66DDB56D8B367CFDE02436AD33D205261E2FCF3CFEF3DF1C413774D9932E56786D938903BB833C009B9E18E725FEEA3BFD25F097DD378E6B229155089D2309B69D3A6CD39E59453AE38E18413D24A147BE7FA44FB404747C76D9D9D9D2B0CB37120777067844ECC0D7794FB721FFD95FE4AE89B462397151C001CC81DDC6B9CE18E725FEEA3BFD25F097DD378141E162A380038903BB8D7D7C1DF7047B92FF7D15FE9AF84BE694C8A88699476439DDE7705C081DCC1DD89BC1378B92FF7D15FE9AF84BE6914E54507001CC81DDCEBF044DE7047B92FF7D15FE9AF84BE49D101C0815C38B88FB834CCD17047B92FF7D15FE9AF84BE49D101C0815C38B83B0990FB42EEEBAFD05FE99BE42F8003B97070771220F785DC477FA5BFD237217F011CC81DDC9D0420F7E53EFA2BFD95D037C95F000772E1E0EE2440EE0BB9AFBF427FA56F92BF00B561F5EAD50EA0951D7BE2E0FEA03DD54980DC97FBE8AF141D84A283FC05A83AEBD6ADDBB663C70E07D10A8D9E9E9E0BE3E07E833DD54980DC97FBE8AF141D84A283FC05A83A6BD6AC79D7DAB56BEFD8BE7DFBBD0EA495F557CE74D1B16AD5AA9B238EB7A73A0990FB721FFD95A283507490BF0055294E6C8F8D03C8C63494371D48444544FA2C6E70D1E12440EECB7DF4578A0E8A0E8A0EF21700701200A0BF5274507490BF0080930000FD95A283507490BF00809300407FA5E8E0625FD141FE02004E0200F4578A0E8A0EF21700701200A0BF5274108A0EF21700701200E8AFEAD7EAD5AB5DEC57D0B2BE69951D7BA5FC05009C0400FAAB9AB06EDDBA6D3B76EC70C15F01D1D3D373615AD6D75E297F0100270180FEAA26AC59B3E65D6BD7AEBD63FBF6EDF7BAF01FBF110EA9E0B06AD5AA9B238EB757CA5F00C04900A0BFAA1971A17BECCA952B37A6A1FDE99E0262CC236DF71B141CE42F00E02400D05F01F21700701200A0BF02F90B00380900D05F01F21700701200E8AF00F90B00380900D05F81FC05009C0400E8AF00F90B00380900F45780FC05009C0400E8AF40FE02004E0200F45780FC05009C0400FA2B40FE02004E0200F457207F0100270100FA2B40FE02004E0200FD15207F0100270180FE4A7F05F21700701200A0BF02E42F00E02400D05F01F21700701200E8AF00F90B00380900D05F01F217009C04380900F45780FC05009C0400FA2B40FE02004E0200F45780FC0500270100FA2B40FE02004E0200FD15207F0100270100FA2B40FE0280930000FD15207F0100270180FE0A90BF0080930000FD15C85FF90B004E0200F45780FC05009C0400FA2B40FE02004E0200F457207F6D0500701200A0BF02E42F00E02400D05F01F21700701200A0BF02F90B00380900D05F01F21700701200E8AF00F90B00380900D05F81FC05009C0400E8AF00F90B00380900F45780FC05009C0400E8AF40FE02004E0200F45780FC05009C0400FA2B40FE02004E0200F457207F0100270100FA2B40FE02004E0200FD15207F0100270100FA2B90BF0080930000FD15207F0100270180FE0A90BF0080930000FD15C85F00C0490080FE0A90BF00809300407F05C85F00C0490080FE0AE42F00E02400407F05C85F00C04900A0BF02E42F00E02400407F05F21700701200A0BF02E42F00E02400D05F01F21700701200A0BF02F90B00380900D05F01F21700701200E8AF00F90B00380900D05F81FC05009C0400E8AF00F90B00380900F45780FC05009C0400F4EFA0D6D6D6FFDBD2D2F2CFD1575D96FAAB2CCB9E60B340E58A1C7D56E4ECD191AF539B9A9AFE23DAE51137A5FC9D3061C2C1B61000D4194507A092B4B5B51D16FDD2FBE2A26569B43BA3BD3E2E5C16B6B6B6FEE3942953FE8F2D04E32FCBB227456EBE2272338B3CFD58C4D723AE8CB8236247C4FA88C5F1FC6911EF8AD71E3975EAD4C7DB72005087141D80F1940A09A9A0101725FF2FFAA35FA70B965470880B95135201C21682717350E4E3731B1B1BDF16EDC99193E7457B69C47F47DC1B715DC477233E1E39DB19CFBF2E72F9A9361B00F0188A0EC0585FC8944E9988F6AE883571C1727AC4DFA4E76D22183B93274FFE93C8C5A322FFDAA23D2BE25B11D744DC1DF1FB949FD17E3EDA0FC76B8E89FC7DE199679EF9385B0E00288BA20330DA4C9980F19565D91F45CE1D91722E72F0D4F87A517E9F943F44EC8EB83ACFCF33A36D4905C0F89E27DB7200C0B0293A0023CD9409181F1D1D1D4F8B7C7B7DCAB5683F11EDB254E48BAFF7446C897F5F12EDA7E3B169D1BE35CF47A38B0080D1A3E8008C005326608CA4155C22AF5E1A39765CE4DB47A33D3FDAEE88DBE2F1DE6837C4635F8DF68C68DF1B8FBDBCABABEB89B61C00302E141D80A130650246577B7BFBB323B726A4A52723BFCE8DF647119BF2510B3746BEFD30DA73E2B90F44FBA6C8BB67D86A0040C5517400CA61CA048CBC4993261D1239F4CAC8A5C6C8A939D12E897663C49D11DB23D6C5F35F4A4B4FC6D793B32C7BC98409130EB6E50080AAA1E8000CC0940918A15CCAB2EC79913F6F8FDC991EF9F49988151137E74B4F5E1B8F7F27DA79D17644FBDAAEAEAE436D3600A026283A0045A64CC0B0F2E729912FAF89BC698FFC393BDA6F47FBCB887B226E89581DF1B978CD29F1DCC42CCB5E60E94900A0E6293A40FD32650206272D3D19F1A2C89577469ECC8CF60B116B23B6E54B4F5E15F1CD88B9F17C34CDAF56B00300EA9AA203D4155326A00C91174F6F6C6C7C431AF913B9F1C968BF9F17E6D24D1C37475C9C8A75F1DC07A37D4B9665CFB1D50000FAA1E800B5CD9409E85F5A7A32E2659117EF4E85B7682F88F869C4AE88DB23AE88F84A2AD2C5F3EF494B4F1E73CC317F6CCB01000C82A203D4165326609FE3DC5F343636BE39F2E0A4F8FA53910B3F8EF6B769D4423CF69B687F10ED8268DF1FED1BB32CFB735B0D0060E44EC6141DA0BA993241DD4B4B4F461EBC2A722076FBA67F8DF61B113F4FF910EDADD15E1EED172366C7D793E2352FB6F42400C018507480EA63CA04752A15D89E1FFBFA3B629F9F11FBFE67A35D19EDD6B4F4643CFEAB682F8AC7FE3DDA29F1DABFCDB2EC4F6D36008071A4E80095CF9409EA492A14A482412A1CE405848BF2824271E9C955F1EFFF8CF643F1BA7F88F6704B4F020054284507A848A64C50D3D2D486D8C7FF32F6E76363DF9E95A63EE453206ECDA744FC3C4D91C8A74A34A5A91346F1000054214507A80CA64C508BD24D19D3CD19F39B342EC8979EBC215F7AF277113F49FB79B4FF946EF6986EFA68AB0100D4104507181FA64C502BD23292B1EFFE555A56321F9DF3957CB9C9DBF3E527D3329417E4CB52BE3BBDD6D29300007542D101C68C291354B52CCB9E13FBEC5BD2A8847C74C24FF2D10A7BF2D10BDF8FC73F9946EC343636BE215EFB745B0D00A0CE293AC0E83165826A93F6CBD8575F1DFB6934CD7323BE197155C4EE886D116B23BE90EEC390EEC790EECB60E949000006A4E800237BC166CA04952EADF490567CC8577EF850BE12C4AA7C6588B442C42F63BFFD76B46747DB1ECFBFC6D29300000C89A2030C8B291354ACAEAEAE4363BF7C6DEC8B1DD1CE8BF63BD15E1B716FC4D6D8575746FBD96867C473EF887DF9F9F65900004694A2030C8E2913549234B521F6BF17C77E3829F6C7D9F1F597A25D17B13DE2CE888DF1DC9268E744DB18CFBF72D2A44987D87200008C094507D83F5326A890FDF019B1EFBD29F6BD0F447B4EC40FE2EBDFE43771FC6DEC8F3F8EF653F1D849D14E686F6F7FB6AD0600C0B85374807D9832C1B8E8EAEA7A62EC632F8FFDEDBDB1EF9D11ED57A3DD108FF5467B5B44773C767EB41F8DF6B82CCB5E16F1045B0E00808AA5E800A64C30F6FB5B5A7A32F6B10FE623682E8ED89C8F5AF8753CBE2CDA4FA4D134D1BEBEA3A3E369B61A00005549D1817A64CA04A32DCBB227A79131B15FB5C4FE75665ED0BA3A5F7AF20F69144D5A7A325E3333DA77C6EB5F14F147B61C00003545D1813A61CA04232E2D3D9965D90B625F9A18FBD129B16F7D2E6275C4EFF3A527AF89F856C459F17C5BB447B5B5B53DC5960300A06E283A50AB4C9960A4C43EF3D4D8775E17FB5067EC4B1F8FF86EC475F9D2933747AC88F84CBC667ABCE6ED59963DAF41210B0000141DA81DA64C301C53A74E7D7C96652F89FD6672EC33A745BB38627DDA8FF2A527AF8CF87AC4C7E2F92CF6AD57C4EB9F64CB0100C07E283A50C54C9960D0621F79666363E3DFC73E73625A7A32F6951F467B637E13C74D113F8AD79C1BEDD4688FCEB2EC59B61A00000C91A203D5C49409CA91969E8C7DE5AF631F393EF68F7F89F66B113F8BB823ED3711FF15F1E5D87F3E92969E8CD7BCD4D2930000300A141DA864A64CB01F07C5FEF0DC88B7C63E312DDA4FC77E7149B45BD2BD1652412ADAEF453B3FDAAE68FF2ECBB23FB3D90000600C293A50691792A64C506AF2E4C97F92F689D81F5A635FF8B7682F8C7DE117D1DE1DD193EF1F8BE2EB5353812ABE3EC2D29300005021141D186FA64C908A04F179BF303EF763E2F3FF70EC079F4FC584545448C585BCC870615E74684D4588548CB0E50000A0C2293A30D64C99A8EBE2C29FA5690EF9748734EDE17B254B4FFE77C4A5B11F9C17EDC98D8D8D6F4BD3271A8C6E010080EAA5E8C0183065A28EA4A527E3F33D323EDB77A51B35A61B36E6376EDC99DFC831DDD0F16BF90D1E8F4F377CB4F4240000D428450746832913B52F2D259996944C4B4BC667FB1FD12E8FB8295F7A32B5CBF3C74F4C4B54A6A52A6D350000A8338A0E8C0453266AB6B0F0A4F81C5F119F63169FE9C722BE1E71653E626147C4FA88C5F1FC69F9C88623D348075B0E0000D84BD181213265A2863ECB74EF84FC1E0A27E7F754B834BFC7C2BDF93D17BE1BF1F1F88C3BE3F9D7C567FF549B0D000038204507CA65CA44754BAB3DC4E776547C666DD19E15F1AD886BF2A5277F9FAF1691568DF8705A4522AD2671E699673ECE96030000864CD181819832517DD2D293F1F91C913EB7F8BC4E8DAF17A59128117F88D81D71755E343A33DA96342A25BEE7C9B61C0000302A141D2861CA4495E8E8E8785A7C46AF4F05A0683F11EDB234F224BF89E396F8F725D17E3A1E9B16ED5BF32291CF0F0000185B8A0EF5CD9489CA9565D913E2B378697C26C7C567F3D168CF8FB63BE2B678BC37DA0DF1D857A33D23DAF7C6632FEFEAEA7AA22D070000540C4587FA62CA44E5696F6F7F767C0E13D2D293F1599C1BED8F2236E5A3166E8CCFE687D19E13CF7D20DA37C567F80C5B0D0000A80A8A0E35CF94890A3069D2A443627BBF32B67D637C0E73A25D12EDC6883B23B647AC8BE7BF94969E8CAF276759F6920913261C6CCB010000554DD1A1F69832316E0ECAB2EC79B1BDDF1EDB7B7A6CFBCF44AC88B8395F7AF2DA78FC3BD1CE8BB623DAD77675751D6AB3010000354BD1A1FA993231B6629B3E25B6ED6B621BB7C7B63E3BDA6F47FBCB887B226E89581DF1B978CD29F1DCC42CCB5E60E9490000A02E293A5425532646595A7A32E245B17DDF19DB7466B45F88581BB12D5F7AF2AA886F46CC8DE7A3697EB551240000007D283A5407532646476CC7A7373636BE216DDBD89E9F8CF6FBF968917413C7CD1117A71124F1DC07A37D4B9665CFB1D5000000CAA4E850994C99183969E9C98897C5367C771A0D12ED05113F8DD815717BC415115F492347E2F9F7A4A5278F39E6983FB6E50000008649D1A162983231FC7DF92F1A1B1BDF1CDBEDA4F8FA53B1DD7E1CED6FD3A88578EC37D1FE20DA05D1BE3FDA376659F6E7B61A0000C0E85EA8293A8C135326062F2D3D19DBE755B1BD625335FD6BB4DF88F8792AD2447B6BB49747FBC588D9F1F5A478CD8B2D3D090000304E141DC68E2913654BA33E9E1FDBE51DB17D66C476FA6CB42BA3DD9A969E8CC77F15ED45F1D8BF473B255EFBB75996FDA9CD0600005061141D46FDE2D9948901A442412A18A4C2415E40B8282F2814979E5C15FFFECF683F14AFFB87680FB7F424000040E5161896A722C30162A32D3574A64C3C569ADA10FFF7BF8C6D706C6C8B5969EA433E05E2D67C4AC4CFD314897CAA44539A3A616A0900004075161D8E8A78707F45877471684B95CF9489FF956ECA986ECE98DFA47141BEF4E40DF9D293BF8BF8492ABE44FB4FE9668FE9A68FF61E000080DA2B3C5CBC9FA2C3156EBA7740753B65222D2319FFD7BF4ACB4AE6FFFFAFE4CB4DDE9E2F3F9996A1BC205F96F2DDE9B5969E040000A8AFA2C35103151DE222F1385B685FF5366522CBB2E7C4FFF12D6954423E3AE127F968853DF9E885EFC7E39F4CDBA4B1B1F10DF1DAA7DB4B00000028161EFABBB7C346A31CFE573D4C9948FFC7F87FBD3AFE4FD134CF8DF866C45511BB23B645AC8DF842BA0F439A7293EECB60FF000000A09CA2C33EF776A8F37B39D4E49489B4D2435AF1215FF9E143F94A10ABF29521D20A11BF8CFFE7B7A33D3BDAF678FE35969E04000060D8E20273593D8F72A8A529135D5D5D87C6FFE1B5F1FE3BA29D17ED77A2BD36E2DE88ADF17F5B19ED67A39D11CFBD23FE8FCF6FA8F3E53A010000184571F1F9BA927B394CACF5FF6FB54F994845A178AF2F8EF73C29DEFBECF8FA4BD1AE8BD81E71672A1CC5734BA29D136D633CFFCA4993261D624F070000605C14EFED50A3A31CAA72CAC49429539E11EFF74DF15E3F10ED39113F88AF7F93DFC4F1B7F1DE7F1CEDA7E2B193A29DD0DEDEFE6C7B32000000E32EFD453F2E5AA7C7C5EA45119BF279FD85FC82764B3EE56276B5DE2CB15AA64C7475753D31DED7CBE3FDBD37DEE719D17E35DA0DF1586FB4B74574C763E747FBD1B4A24896652F8B78823D180000808A932E5CD3BCFE88FB075A2EB39F48A303DA2BF9FF55E95326D27B484B4FC6FBF960FE1E2F8ED89C17797E9D17793E91DE6FB4AFEFE8E8789ABD15000080AA90562E888BDD4B065168E82FD66759F6A20AF92F55DC9489D8364F4EBF3BDE474BBCA733F3511657E74B4FFE21BDCFB4F464BC6666B4EF4CDB32E28FEC9D00000054ADB8C86D8E0BF4DB4B0B086D6D6D85F9F3E717D6AC5953D8BA756BE1AEBBEE2A24F7DC734FA1A7A7A7D0DDDD5D58B8706161CA94297D0B0FBB073BEA61A40A15953065222D3D19FF9F17A41B6EC6EF3E25DEC7E7225647FC3E9FA2724DC4B722CE8AE7DBD292A4F1BE9F622F040000A0160B0EC7C605F243A5C586254B961476ECD85128476F6FEFDED7A7EF2B2D3EA49B1B96516C7872BCF682542418CA7B1FCF2913F17B9F9A56F588DFD719BFF7E311DF8DB82E5F7AF2E68815119F49F7C588D7BC3DFEAFCF6BB0F424000000755470682E2D38CC9C3973EFA886A148DF77DA69A7F52D3C0C38E2A1ABABEBD0B47463FEDA9D65BEE5319D323175EAD4C76759F692F85D93E3E79F16EDE23485241537F2A527AF8CF87AC4C7E2F92CDECB2BE2F54FB26701000050D7D23D1C4AA754CC9D3BF7D129144395A65ECC9B37AFEF548B23FBFEEE7C1AC4C63E058A89FDBDCFB19832113FF3998D8D8D7F1F3FFFC4B4F464FCFC1F467B637E13C7B472C78FE235E7463B35DAA3B32C7B963D08000000061017EDAB4A47380CB7E0505A78E833E2617DE9EF4DCB3FA62537FBDE84321E5F929E1FAD291369E9C9F8FEBF8E9F777CFCAC7F89F66B113F8BB823153322FE2BE2CBF1BB3E9256F088D7BCD4D2930000003048E9A2BAF41E0E439D52B1BFA916A5F778284EB388AF27E417F8FDAD7C71FB084C9938287EC67323DE1A3F635AB49F8E9F71495EE4B8378D9288F67BD1CE8FB62BDABFCBB2ECCFEC110000003072458795C58BFD7413C8D1B074E9D2C78C7648D327F2A521FB5D6EB3A9A9E9E178CDA472A64C4C9E3CF94FD2BD1DE2FB5AE37BFE2DDA0BE3FB7F11EDDD113D79D162517C7D6A1A35115F1F61E9490000001865698A42F1E6916934C2AE5DBB46A5E89056B5E8B39CE64303151C4A6242F17DA622416B6BEB0B9B9A9A8E89F7FBE178EEF3A998908A0AA9B89017192ECC8B0EADA908918A113E6100000018276909C7E245FE82050B0AA369E1C285A505855BF32914FB2B3A5C91A63F942C3DF9DF1197C67B3E2FDA931B1B1BDF96A64F34587A120000002A4F5CB45F54BCC85FBB76EDA8161DBABBBB4B0B0AF79731D22115268E4F377CB4F424000000545FD16153F1227FA46F20D9574F4F4F6941E1E1883BF75774686C6CFC479F10000000546FD1E1D19B398ED43299FB5B3EB3A4A8B027FDFEB464665A9922FEBDB16FD1A1B8CA05000000509D4587472FF2C742E9EFEBFB5E5201221E9F9DDF1432BDE66C9F10000000546FD1615C473A0CA4A5A5E5C8A6A6A6D7F984000000A07A8B0EE3754F875B6C7D000000A8EDA2C378AD5EB1DCD6070000801AD6D4D434BD580858B060C1A8161D162E5C585A74986DEB030000400D6B6B6B3BACB9B9F9C1540888AF0BBB76ED1A9582436F6F6FA1BDBDFD9192A2C3E1B63E000000D4B896969695C562C092254B46A5E8B074E9D2D2510EEB6D75000000A88FA2C371C582401AED30D237944C3FAFB5B5F5D1510EF1FBDA6D75000000A813CDCDCD97158B023367CE1CB1E533D33299B366CD7AA87494C38409130EB6C5010000A04EA47B2C44EC2C1607E6CE9D3BECC2432A38CC9B37AFF43E0EBB5B5A5A8EB4B5010000A0CE34353535176F2A591CF130D4A916E9FBFA8C7030AD02000000EA597373735769E121DDE321DD5C32AD3E51EE2A15E9A691A5F77048D1D4D474BAAD0B000000752E8D7888E82D2D1AA4E2C382050B0A6BD7AEDD3B8AA138F5224DA1E8E9E92974777717CE3BEFBC426767E7C3A5DF97A654A44286AD0A000000EC95EEF150BA94E61063BD7B3800000000FD6A6E6E3E3E2F3E3C389862431ADD60950A000000E080DADADA0E6B6969F9707373F345115B22F6E40586D4DE12B13C62761A21616B010000000000000000000000000000000000000000000000000000000000000000000095E07F007963B58DFB8AC5A20000000049454E44AE426082, '1');
INSERT INTO `act_ge_bytearray` VALUES ('7505', '1', 'C:\\code\\backend\\cmict-server\\cmict-activiti\\target\\classes\\process\\provincePocess.provincePocess.png', '7501', 0x89504E470D0A1A0A0000000D4948445200000361000001580806000000DAE6F473000013C84944415478DAEDDD5D6C94E582C0712FF6F278EF8517C6B3317873AE379B353139F1C2C48B4D8C817ED016B0ADB625D8028ABA0D278B48164224BA718BE143F9504413C81A735C1496C022480F1F8B3440D952047BA020E98982851679F67DE638CD0896D3D299E9CCDBDF2F79529999CE98C9FBCEBCFF3EEFC77DF70100000000000000000000000000000000000000000000000000000000000000000000000000000000000000000000000000000000000000000000000000000000000000000000000000000000000000000000000000000000000000000000000000000000000000000000000000000000000000000000000000000000000000000000000000000000000000000000000000000000000000000000000000000000000000000000000000000000000000000000000000000000000000000000000000000000000000000000000000000000000000000000000000000000000000000000000000000000000000000000000000000000000000000000000000000000000000000000000000000000000000000000000000000000000000000000000000000000000000000000000000000000000000000000000000000000000000000000000000000000000000000000000000000000000000000000000000000000706F0E1E3CF88F4D4D4DA71F7DF4D1E1E49FC1300CC3300C6332C7830F3EF8E3238F3CB23EF9EFDFD85203521960899B4F3DF554E8ECEC0C838383010060B20C0F0F87AFBFFE3A3CFDF4D3B7EEBFFFFE6E2106A44E7373734F0C30008052F3C4134F5C4E365796D962035225EE821867C000004A4D5757D7F7C9E6CA695B6C40DAD8051100284971D7C4FBFE7A9C1840BA220C00A054893040840100883080E244D87DA39C46365FF7030088304084DDF62178B7DB267A3F008008034498080300441880080300441880081361008008031061008008031061220C00106180081BD387A053D40300220CA01811060020C20044180020C20044180080080310610080080310610000220C10610000220C40840100220C4084010088300011060088300011060020C20011060020C20044180020C2441820C20000441880080300441880080300106100220C00106100220C00408401220C0040840188300040840188300000110620C20000110620C20000441820C20000441880080300441880080300106100220C00106100220C0040840188300040840188300000110688300000110620C20000110620C20000441880080300441880080300106180080300106100220C00106100220C0040840188300040840188300000110620C20000110620C20000441820C20000441880080300441880080300106100220C00106100220C00408401220C0040840188300040840188300000110620C20000110620C20000441820C20000441880080300106180080300106100220C00106100220C0040840188300040840188300000110688300000110620C20000110620C20000441880080300441880080300106180080300106100220C00106100220C0040840188300040840188300000110620C20000110620C218C5B973E7C2FEFDFBC3CE9D3BC3E79F7F6E14797CF1C51761CF9E3DE1F4E9D3164600110620C2A64280EDDDBB375CBA7429DCB871C398A471F9F2E5B07BF7EED0DDDD6DA104106100222CCDE20C98002B9D108BB3910088300011966271A35F0095CE88BB270220C20044588AC58D7EF123C20044188008A3C422ECEA5F2E84339DEB43D717FF9A19F1BFE36DC249840188300011469E23EC8781BE70FCBFDAC3FF7EBAF01723DE16EF134F220C4084018830F21861E7BBFEF38E00CB8E6FBB3E114F220C4084018830F2196127FEFBDF468DB0789F78126100220C408491C7083BFEF91F468DB0789F78126100220C408421C2441800220C1061946784C5B3218E1661F13EF124C20044188008238F11767ADFBF8F1A61F13EF124C20044188008238F1176A5EF5838BE63F19DBB2226B7C5FBC4930803106100228C3C46581CBD7FDA704784C5DB84930803106150605555550F363737BF326FDEBCFDB367CFEEAFAEAEBE3163C68C5059593954575777A9B6B6F68FC9BF17C4C779B710612989B0EBD7C3E92FFFE3CE5D1193DBE27DE249840188302880B973E756B5B5B5FD5FF2F3464747C74F070E1C087D7D7D61707030B300C79F972E5D0A870E1D0AEFBCF3CE95FAFAFA2B49A0FD4F454545B5774F8451BE11F6C3405FE8DEF7D6A8C784C5FBE26304940803106190270D0D0DBF6D6D6D3D397FFEFCE11858376FDE1CF3427DF8F0E1AB4D4D4DE79310DBF7CC33CFFCBD77538451461176FD7AB8707A57F8FAB357460DB0EC888F898F352B26C20044184C507B7B7B5B7D7DFDD0279F7C32AEF8BADDB66DDBCE5755555D362B26C2288F08FB5BB35F66C5441880088302E8E8E8F8979696969FBABBBBF3B280F7F6F65EABADADBD9884D8B3DE5D11466947D85866BFEE362B26A64418800883715AB162C5E224C06EC563BCF2A9BFBFFF7A4D4DCD053362228CD28EB07B0DB0EC1053220C4084C1F802EC778D8D8D799B01BBDD993367BEABACACEC4F426C9A775B84519A1166883000110645B468D1A23FC763C00A69CB962D4766CC98B1D7BB2DC2106186080310614C692B57AE5C90B835343454F005BEAEAEAEDB6E89220C116688300011C694D6DEDE3E104F435F0C070F1E3C65364C8421C20C110620C298B276ECD8F1FBB973E74EE854F4E3555353732E09B187BCFB226CB2F4F6F68677DF7D372C59B224C4E5BFAEAE2E24CB6498397366686E6E0EAFBDF65A58B76E5DF8E69B6F449821C226A0A7A727BCF1C61BA1A9A929545757878A8A8ACCBA164755555578EEB9E7C2F2E5CB338F0310614C191D1D1DDBD6AC5953D4857ED9B2657B922FE005DEFDF2936C407D9E8C7F2AD708FBF8E38FC3ABAFBE1A5E78E185B07AF5EA70E0C081D0D7D71706070733F7C79FF1ECA07166F8BDF7DECB3CAEBDBD3D7CF8E18722CC1061E3F0C1071F84679F7D7624B8C632E6CC9913D6AE5D6BCB101061A4DF92254B2EC40DD162DAB367CFB1E40BF713EF7EF9C96E2CC5189B3E7DFA3F944B849D3A752A2C5AB4282C5CB8301358E399F93D7AF46878E59557C2CB2FBF1CBABABA449821C2EEE2E4C993A1BEBE7E5CF175FB98356B563876EC982D444084915E73E7CE1DBA70E1425117FAE4F5CE275FB4E7BDFBE51B6139E38FA3CC8C95CC87ECE6CD9B434343438867FF9CC86EB79F7DF65966D7A98F3EFA48841922EC57AC5FBFFE17BB1B6677395CB66C59D8B56B573877EE5CF8FEFBEF338FBD76ED5A66167ADFBE7D99DD15E3AEC0B9BF179FC7AC1820C248ADDADADA5BD95DB18A2579BDABC997ECA0773F1511363233765B8C95C407ECF6EDDB434B4B4BC8D7F5EFCE9E3D9B3986ECFDF7DF17618608CBB175EBD63BE26BD3A64D99DD7BC762606020F3F8F87BB9CFF3F6DB6FDB52044418E9DCA89E0CF175BDFBE989B0DC99B19F77539CF40FD70D1B36644EB231D68DC0B18ACF17432C1EF322C20C11F6D719B0DCCF81B6B6B6CCACD7BD88BF17771BCE7D3E33628008C34C58FE66C28291DE31D911168F4B8907F9E76B06ECD766C41A1B1BCBFAB8151126C2F2B5AEE5EE82B878F1E2915D0EEF55DC5571E9D2A5BFD835F1C89123B61801118663C226C23161A99C09EB9C3E7DFA538F3FFEF8DF95C2EE88F3E6CDCB1C035648F118B1F8177B11664CE508CB3D03629C019B6880E58658EE8C583C5907800823359C1D910946D8EDF135E9C7846DD9B225B4B6B686A1A1A182BFD64B2FBD14366EDC28C28C2919617197DCDC63C0EE7517C4D1C4E7CB3D46CC6E89800823355C278C7B8CB0FD151515FFFC2BF135E91116AFED154F435F0C7177C4050B168830634A4658EE2C583CA946A143CF6C1820C2488D1D3B76FC3E9E646022A7EE1EAF9A9A9A73C917EA43DEFDB28CB0D166BE4A22C27A7A7A32C76A1573798EBB3EC6EB9095DAC671B26E8B301156B06528AE6BB9B36057AE5C29C8FF473C6B62EEE9EBE3316800228C54686F6F1F28D6CCC1C183074F255FA47BBDEBA937291FA8AB56AD0AAB57AF2EEA6BC61980B7DE7AABA4BE58B21BAC71437AE7CE9D224C84E57D198AD7F6CA3E66F9F2E505FD7F29E66B01220C8A66E5CA950B12B78A317B306BD6AC13151515D5DE75115608F1C400C53EC631FE01231E1B568A1BD0D9515F5F7FC7AC860813611359869A9A9A46EEDBBD7B7741FF5FE2059DB3AF1567BA014418A9F1E28B2F5E2CF4D9E4B66CD97224CE828D61573644D8BD467E28F6D93EE375C366CF9E5DD21BD0B9B31AD90D691126C226B20C5557578FDC96EF1372DCAEAFAF6FE4B52A2B2B6D3902228CF458B162C5EF1A1B1B7F2AD47595CE9C39F35DF2E5D95F515131CDBB2DC20A251E9B3209D7BDCBBC6E396C40E7CE6A8830113691652877E4EBB4F4A389A7ABCF7D3D001146DA426C714B4BCBADF897FD7CEAEFEFBF5E535373C16E8822AC181B8EA5BEC15A2A4384955E8495EBC5D98BBD8E018830D21862CB9310CBDB8C586F6FEFB5DADADAFEE9D3A72FF2EE8AB0428BBB2A99091B3D0A9375316CDDBA7564A35FFC9809BBD765C84C1820C220CFDADBDBDBE6CC99331C8F119BC8C93AB66DDB763ED938BD9C7C69D67957455831D4D5D54DCA3161A576FDA2BBC55756B945D8CF5F96778CB1DE2FC2F2BB0C39260C106150000D0D0DBF6D6D6D3D3D7FFEFC9B478F1E1DD7429D3CFE8796969673C997E5978E011361C5D4DCDC9C39935A31C5B323C66B8595E206748CD278B1DBDCF82AE708BBDB6D7FEB7E1196DF65C8D91101110605946CD4D6B6B5B5F5245FB8436BD6AC099D9D9D999986EC2E5FF1679C0988A1B66EDDBA81FAFAFA2B3367CEFC2ACE7E390BA2082BB6783DA178ADB062DAB0614358B16245497DB1FCDACC97081361F95C865C270C106150045555550F2621D63E6FDEBCFDB366CD8A673A1CFE79D790A19A9A9AEF922FEC1DC9BF1724E321EF169315613D3D3D995D038B71CDBBACE79F7F3E9C3C79B2ECBE7C4498089BE8BA960DA3784CE4952B570AF23A03030361E6CC9923AF558EEB1A20C200521D61513CFDFAFEFDFB8BF25AC78E1D0B0D0D0D65F9E523C244D844C56B8665E368D3A64D05798DB82B64F6354AEDD84B40840188B09C8DB61862C5980D6B6D6D0D6BD7AE1561226C4A46586E20C5D9B07C9FA0233E5F7CDEEC6B94EBBA06883080D447583467CE9CB079F3E682BEC6A79F7E9A9909B8DB7157224C84A539C2B2EB5A3692DADADAF276BAFA785AFA850B17FE6216AC5CD7354084014C89088BC78DC4BFA09F3871A220CF7FF6ECD9505353138E1C3952B65F3E4E512FC2F2B5AE5554548CC4D2E2C58B271C6231C0962E5D3AF29CF1F9CB795D034418C09488B068FDFAF59950BA78F1625E9F379E0D74F6ECD965BF6B948B358BB07CAE6BB9D7148B3362F7BA6B62FCBDDC1930BB2102220CA08C222C5ABD7A7526C4BABABAF2F27CBDBDBD99007BFDF5D7CBFECB478489B07CAF6BB9E11467A2E3C93AE2D90DC7223E2E1E63967B0C581C6958D700110630A5222CFB57FAB83B53BC9ED7444ED6B17DFBF6505D5D9DD9D84C031126C20A3D23968DB1786DAF7841E738CB95DD5531EE72D8D7D797B910F39B6FBE99B92874EEEFC575362DEB1A20C200A65C8445F1B89578128DB8A1F7E5975F8EEB770F1F3E1C9A9A9A32270648D37129224C8415725DBB3DC6C633D2B6AE01220C604A4658D6C68D1B331B88F1E2AFF1C0FFF8D7F96FBFFD36FCF8E38F99FB07070733C7907DF5D55761D5AA55998DC138E25FE4D37666361126C28AB1AE8D37BED2B8AE01220C604A4758564F4F4F58B972656686EBF663502A2B2B436363636617AAF857FDB4126122CCBA068830001186081361008830001126C20C110620C2004418224C840120C200449808334418800803106188301106800803441822CC106100220C408489304384018830001186081361008830001126C28A34AE5EBD1A8E1F3F9EF93991DB451800220C106188B0318C185471998A3F2772BB0803408401220C1126C244188008031061224C84893000110620C21061220C00110620C2449808136100220C408421C2441800220C106188301126C200441880081361224C84018830001186081361008830001126C244980803106100220C1126C2001061003EDD459808136100220C408491B573E74E1126C20044188008A358F6EEDD1B2E5DBA54168172F5EAD54C50C59F13B9BD54C7C58B1733510C800803106129D6D3D31376EFDE1DFAFBFBCB66B6288D231B60DDDDDD164A00110620C2A64288EDDAB52BB32B9C313943800188300011060088300011060020C20044180020C20044180080080344180080080310610080080310610000220C40840100220C4084010088300011060088300011060020C20011060020C20044180020C20044180080080310610080080310610000220C10610000220C40840100220C4084010088300011060088300011060020C20011060020C20044180020C2441820C20000441880080300441880080300106100220C00106100220C00408401220C0040840188300040840188300000110620C20000110620C20000441820C20000441880080300441880080300106100220C00106100220C0040840188300040840188300000110688300000110620C20000110620C20000441880080300441880080300106180080300106100220C00106100220C0040840188300040840188300000110620C20000110620C20000441820C20000441880080300441880080300106100220C00106100220C00408401220C00408401883000408401883000001106308E081B1C1CF4090F00949CE1E1E1011106A4CEC30F3FFC436767A74F7900A0E41C3A74E84FC9E6CA695B6C40AA4C9B36ADE3C9279F1CF6310F009498E1071E786067B2B9B2CC161B9036BF49743DF6D863970F1C3830303CACC70080492CAFE1E1813803F673809D88DB2A36D78054865832FEF0F3075D300CC3300CC398E41177415C21C000000000000000000000000000000000000000000000000000000000008029E3FF010ACFD87CF265E4340000000049454E44AE426082, '1');

-- ----------------------------
-- Table structure for act_ge_property
-- ----------------------------
DROP TABLE IF EXISTS `act_ge_property`;
CREATE TABLE `act_ge_property` (
  `NAME_` varchar(64) COLLATE utf8_bin NOT NULL,
  `VALUE_` varchar(300) COLLATE utf8_bin DEFAULT NULL,
  `REV_` int(11) DEFAULT NULL,
  PRIMARY KEY (`NAME_`)
) ENGINE=InnoDB DEFAULT CHARSET=utf8 COLLATE=utf8_bin;

-- ----------------------------
-- Records of act_ge_property
-- ----------------------------
INSERT INTO `act_ge_property` VALUES ('next.dbid', '10001', '5');
INSERT INTO `act_ge_property` VALUES ('schema.history', 'create(5.23.0.0)', '1');
INSERT INTO `act_ge_property` VALUES ('schema.version', '5.23.0.0', '1');

-- ----------------------------
-- Table structure for act_hi_actinst
-- ----------------------------
DROP TABLE IF EXISTS `act_hi_actinst`;
CREATE TABLE `act_hi_actinst` (
  `ID_` varchar(64) COLLATE utf8_bin NOT NULL,
  `PROC_DEF_ID_` varchar(64) COLLATE utf8_bin NOT NULL,
  `PROC_INST_ID_` varchar(64) COLLATE utf8_bin NOT NULL,
  `EXECUTION_ID_` varchar(64) COLLATE utf8_bin NOT NULL,
  `ACT_ID_` varchar(255) COLLATE utf8_bin NOT NULL,
  `TASK_ID_` varchar(64) COLLATE utf8_bin DEFAULT NULL,
  `CALL_PROC_INST_ID_` varchar(64) COLLATE utf8_bin DEFAULT NULL,
  `ACT_NAME_` varchar(255) COLLATE utf8_bin DEFAULT NULL,
  `ACT_TYPE_` varchar(255) COLLATE utf8_bin NOT NULL,
  `ASSIGNEE_` varchar(255) COLLATE utf8_bin DEFAULT NULL,
  `START_TIME_` datetime(3) NOT NULL,
  `END_TIME_` datetime(3) DEFAULT NULL,
  `DURATION_` bigint(20) DEFAULT NULL,
  `TENANT_ID_` varchar(255) COLLATE utf8_bin DEFAULT '',
  PRIMARY KEY (`ID_`),
  KEY `ACT_IDX_HI_ACT_INST_START` (`START_TIME_`),
  KEY `ACT_IDX_HI_ACT_INST_END` (`END_TIME_`),
  KEY `ACT_IDX_HI_ACT_INST_PROCINST` (`PROC_INST_ID_`,`ACT_ID_`),
  KEY `ACT_IDX_HI_ACT_INST_EXEC` (`EXECUTION_ID_`,`ACT_ID_`)
) ENGINE=InnoDB DEFAULT CHARSET=utf8 COLLATE=utf8_bin;

-- ----------------------------
-- Records of act_hi_actinst
-- ----------------------------
INSERT INTO `act_hi_actinst` VALUES ('5004', 'gansu_process:1:2506', '5001', '5001', 'startevent1', null, null, 'Start', 'startEvent', null, '2022-01-11 10:53:49.800', '2022-01-11 10:53:49.809', '9', '');
INSERT INTO `act_hi_actinst` VALUES ('5009', 'gansu_process:1:2506', '5001', '5001', 'oneUserId', '5010', null, '一级审核', 'userTask', 'admin', '2022-01-11 10:53:49.809', '2022-01-11 10:59:23.147', '333338', '');
INSERT INTO `act_hi_actinst` VALUES ('5017', 'gansu_process:1:2506', '5001', '5001', 'exclusivegateway1', null, null, 'Exclusive Gateway', 'exclusiveGateway', null, '2022-01-11 10:59:23.147', '2022-01-11 10:59:23.152', '5', '');
INSERT INTO `act_hi_actinst` VALUES ('5018', 'gansu_process:1:2506', '5001', '5001', 'twoUserId', '5019', null, '二级审核', 'userTask', 'admin', '2022-01-11 10:59:23.152', '2022-01-11 10:59:51.206', '28054', '');
INSERT INTO `act_hi_actinst` VALUES ('5025', 'gansu_process:1:2506', '5001', '5001', 'exclusivegateway3', null, null, 'Exclusive Gateway', 'exclusiveGateway', null, '2022-01-11 10:59:51.206', '2022-01-11 10:59:51.206', '0', '');
INSERT INTO `act_hi_actinst` VALUES ('5026', 'gansu_process:1:2506', '5001', '5001', 'directorId', '5027', null, '终审', 'userTask', 'admin', '2022-01-11 10:59:51.206', '2022-01-11 11:00:02.259', '11053', '');
INSERT INTO `act_hi_actinst` VALUES ('5031', 'gansu_process:1:2506', '5001', '5001', 'sid-BF7D5255-D5FA-4877-A5E5-AC0F0A91E9A1', null, null, null, 'exclusiveGateway', null, '2022-01-11 11:00:02.259', '2022-01-11 11:00:02.259', '0', '');
INSERT INTO `act_hi_actinst` VALUES ('5032', 'gansu_process:1:2506', '5001', '5001', 'mainEnd', null, null, null, 'endEvent', null, '2022-01-11 11:00:02.259', '2022-01-11 11:00:02.259', '0', '');
INSERT INTO `act_hi_actinst` VALUES ('5036', 'provincePocess:1:2507', '5033', '5033', 'start', null, null, null, 'startEvent', null, '2022-01-11 11:00:02.407', '2022-01-11 11:00:02.408', '1', '');
INSERT INTO `act_hi_actinst` VALUES ('5043', 'provincePocess:1:2507', '5033', '5042', 'subprocess', null, null, '子流程', 'subProcess', null, '2022-01-11 11:00:02.408', null, null, '');
INSERT INTO `act_hi_actinst` VALUES ('5044', 'provincePocess:1:2507', '5033', '5042', 'substart', null, null, null, 'startEvent', null, '2022-01-11 11:00:02.408', '2022-01-11 11:00:02.409', '1', '');
INSERT INTO `act_hi_actinst` VALUES ('5046', 'provincePocess:1:2507', '5033', '5045', 'provinceId', '5058', null, '省长', 'userTask', '任振鹤', '2022-01-11 11:00:02.409', null, null, '');
INSERT INTO `act_hi_actinst` VALUES ('5064', 'gansu_process:1:2506', '5061', '5061', 'startevent1', null, null, 'Start', 'startEvent', null, '2022-01-11 11:01:26.083', '2022-01-11 11:01:26.084', '1', '');
INSERT INTO `act_hi_actinst` VALUES ('5069', 'gansu_process:1:2506', '5061', '5061', 'oneUserId', '5070', null, '一级审核', 'userTask', 'admin', '2022-01-11 11:01:26.084', null, null, '');
INSERT INTO `act_hi_actinst` VALUES ('5081', 'gansu_process:1:2506', '5078', '5078', 'startevent1', null, null, 'Start', 'startEvent', null, '2022-01-11 11:22:54.078', '2022-01-11 11:22:54.078', '0', '');
INSERT INTO `act_hi_actinst` VALUES ('5086', 'gansu_process:1:2506', '5078', '5078', 'oneUserId', '5087', null, '一级审核', 'userTask', 'admin', '2022-01-11 11:22:54.078', null, null, '');
INSERT INTO `act_hi_actinst` VALUES ('5099', 'gansu_process:1:2506', '5096', '5096', 'startevent1', null, null, 'Start', 'startEvent', null, '2022-01-11 14:26:38.089', '2022-01-11 14:26:38.089', '0', '');
INSERT INTO `act_hi_actinst` VALUES ('5104', 'gansu_process:1:2506', '5096', '5096', 'oneUserId', '5105', null, '一级审核', 'userTask', 'admin', '2022-01-11 14:26:38.089', '2022-01-11 14:26:48.943', '10854', '');
INSERT INTO `act_hi_actinst` VALUES ('5112', 'gansu_process:1:2506', '5096', '5096', 'exclusivegateway1', null, null, 'Exclusive Gateway', 'exclusiveGateway', null, '2022-01-11 14:26:48.943', '2022-01-11 14:26:48.943', '0', '');
INSERT INTO `act_hi_actinst` VALUES ('5113', 'gansu_process:1:2506', '5096', '5096', 'twoUserId', '5114', null, '二级审核', 'userTask', 'admin', '2022-01-11 14:26:48.943', null, null, '');

-- ----------------------------
-- Table structure for act_hi_attachment
-- ----------------------------
DROP TABLE IF EXISTS `act_hi_attachment`;
CREATE TABLE `act_hi_attachment` (
  `ID_` varchar(64) COLLATE utf8_bin NOT NULL,
  `REV_` int(11) DEFAULT NULL,
  `USER_ID_` varchar(255) COLLATE utf8_bin DEFAULT NULL,
  `NAME_` varchar(255) COLLATE utf8_bin DEFAULT NULL,
  `DESCRIPTION_` varchar(4000) COLLATE utf8_bin DEFAULT NULL,
  `TYPE_` varchar(255) COLLATE utf8_bin DEFAULT NULL,
  `TASK_ID_` varchar(64) COLLATE utf8_bin DEFAULT NULL,
  `PROC_INST_ID_` varchar(64) COLLATE utf8_bin DEFAULT NULL,
  `URL_` varchar(4000) COLLATE utf8_bin DEFAULT NULL,
  `CONTENT_ID_` varchar(64) COLLATE utf8_bin DEFAULT NULL,
  `TIME_` datetime(3) DEFAULT NULL,
  PRIMARY KEY (`ID_`)
) ENGINE=InnoDB DEFAULT CHARSET=utf8 COLLATE=utf8_bin;

-- ----------------------------
-- Records of act_hi_attachment
-- ----------------------------

-- ----------------------------
-- Table structure for act_hi_comment
-- ----------------------------
DROP TABLE IF EXISTS `act_hi_comment`;
CREATE TABLE `act_hi_comment` (
  `ID_` varchar(64) COLLATE utf8_bin NOT NULL,
  `TYPE_` varchar(255) COLLATE utf8_bin DEFAULT NULL,
  `TIME_` datetime(3) NOT NULL,
  `USER_ID_` varchar(255) COLLATE utf8_bin DEFAULT NULL,
  `TASK_ID_` varchar(64) COLLATE utf8_bin DEFAULT NULL,
  `PROC_INST_ID_` varchar(64) COLLATE utf8_bin DEFAULT NULL,
  `ACTION_` varchar(255) COLLATE utf8_bin DEFAULT NULL,
  `MESSAGE_` varchar(4000) COLLATE utf8_bin DEFAULT NULL,
  `FULL_MSG_` longblob,
  PRIMARY KEY (`ID_`)
) ENGINE=InnoDB DEFAULT CHARSET=utf8 COLLATE=utf8_bin;

-- ----------------------------
-- Records of act_hi_comment
-- ----------------------------

-- ----------------------------
-- Table structure for act_hi_detail
-- ----------------------------
DROP TABLE IF EXISTS `act_hi_detail`;
CREATE TABLE `act_hi_detail` (
  `ID_` varchar(64) COLLATE utf8_bin NOT NULL,
  `TYPE_` varchar(255) COLLATE utf8_bin NOT NULL,
  `PROC_INST_ID_` varchar(64) COLLATE utf8_bin DEFAULT NULL,
  `EXECUTION_ID_` varchar(64) COLLATE utf8_bin DEFAULT NULL,
  `TASK_ID_` varchar(64) COLLATE utf8_bin DEFAULT NULL,
  `ACT_INST_ID_` varchar(64) COLLATE utf8_bin DEFAULT NULL,
  `NAME_` varchar(255) COLLATE utf8_bin NOT NULL,
  `VAR_TYPE_` varchar(255) COLLATE utf8_bin DEFAULT NULL,
  `REV_` int(11) DEFAULT NULL,
  `TIME_` datetime(3) NOT NULL,
  `BYTEARRAY_ID_` varchar(64) COLLATE utf8_bin DEFAULT NULL,
  `DOUBLE_` double DEFAULT NULL,
  `LONG_` bigint(20) DEFAULT NULL,
  `TEXT_` varchar(4000) COLLATE utf8_bin DEFAULT NULL,
  `TEXT2_` varchar(4000) COLLATE utf8_bin DEFAULT NULL,
  PRIMARY KEY (`ID_`),
  KEY `ACT_IDX_HI_DETAIL_PROC_INST` (`PROC_INST_ID_`),
  KEY `ACT_IDX_HI_DETAIL_ACT_INST` (`ACT_INST_ID_`),
  KEY `ACT_IDX_HI_DETAIL_TIME` (`TIME_`),
  KEY `ACT_IDX_HI_DETAIL_NAME` (`NAME_`),
  KEY `ACT_IDX_HI_DETAIL_TASK_ID` (`TASK_ID_`)
) ENGINE=InnoDB DEFAULT CHARSET=utf8 COLLATE=utf8_bin;

-- ----------------------------
-- Records of act_hi_detail
-- ----------------------------
INSERT INTO `act_hi_detail` VALUES ('5003', 'VariableUpdate', '5001', '5001', null, null, '${applyuserid}', 'null', '0', '2022-01-11 10:53:49.793', null, null, null, null, null);
INSERT INTO `act_hi_detail` VALUES ('5006', 'VariableUpdate', '5001', '5001', null, '5004', 'applyuserid', 'long', '0', '2022-01-11 10:53:49.800', null, null, '1', '1', null);
INSERT INTO `act_hi_detail` VALUES ('5008', 'VariableUpdate', '5001', '5001', null, '5004', 'one', 'string', '0', '2022-01-11 10:53:49.800', null, null, null, 'admin', null);
INSERT INTO `act_hi_detail` VALUES ('5014', 'VariableUpdate', '5001', '5001', null, '5009', 'two', 'string', '0', '2022-01-11 10:59:23.142', null, null, null, 'admin', null);
INSERT INTO `act_hi_detail` VALUES ('5016', 'VariableUpdate', '5001', '5001', null, '5009', 'oneApprove', 'string', '0', '2022-01-11 10:59:23.143', null, null, null, 'true', null);
INSERT INTO `act_hi_detail` VALUES ('5022', 'VariableUpdate', '5001', '5001', null, '5018', 'finally', 'string', '0', '2022-01-11 10:59:51.202', null, null, null, 'admin', null);
INSERT INTO `act_hi_detail` VALUES ('5024', 'VariableUpdate', '5001', '5001', null, '5018', 'twoApprove', 'string', '0', '2022-01-11 10:59:51.203', null, null, null, 'true', null);
INSERT INTO `act_hi_detail` VALUES ('5030', 'VariableUpdate', '5001', '5001', null, '5026', 'finallyApprove', 'string', '0', '2022-01-11 11:00:02.256', null, null, null, 'true', null);
INSERT INTO `act_hi_detail` VALUES ('5035', 'VariableUpdate', '5033', '5033', null, null, '${applyuserid}', 'null', '0', '2022-01-11 11:00:02.406', null, null, null, null, null);
INSERT INTO `act_hi_detail` VALUES ('5041', 'VariableUpdate', '5033', '5033', null, '5036', 'provinceList', 'serializable', '0', '2022-01-11 11:00:02.408', '5040', null, null, null, null);
INSERT INTO `act_hi_detail` VALUES ('5048', 'VariableUpdate', '5033', '5045', null, '5046', 'nrOfInstances', 'integer', '0', '2022-01-11 11:00:02.409', null, null, '1', '1', null);
INSERT INTO `act_hi_detail` VALUES ('5050', 'VariableUpdate', '5033', '5045', null, '5046', 'nrOfCompletedInstances', 'integer', '0', '2022-01-11 11:00:02.409', null, null, '0', '0', null);
INSERT INTO `act_hi_detail` VALUES ('5052', 'VariableUpdate', '5033', '5045', null, '5046', 'nrOfActiveInstances', 'integer', '0', '2022-01-11 11:00:02.409', null, null, '1', '1', null);
INSERT INTO `act_hi_detail` VALUES ('5055', 'VariableUpdate', '5033', '5053', null, '5046', 'loopCounter', 'integer', '0', '2022-01-11 11:00:02.410', null, null, '0', '0', null);
INSERT INTO `act_hi_detail` VALUES ('5057', 'VariableUpdate', '5033', '5053', null, '5046', 'provinceUser', 'string', '0', '2022-01-11 11:00:02.412', null, null, null, '任振鹤', null);
INSERT INTO `act_hi_detail` VALUES ('5063', 'VariableUpdate', '5061', '5061', null, null, '${applyuserid}', 'null', '0', '2022-01-11 11:01:26.083', null, null, null, null, null);
INSERT INTO `act_hi_detail` VALUES ('5066', 'VariableUpdate', '5061', '5061', null, '5064', 'applyuserid', 'long', '0', '2022-01-11 11:01:26.083', null, null, '1', '1', null);
INSERT INTO `act_hi_detail` VALUES ('5068', 'VariableUpdate', '5061', '5061', null, '5064', 'one', 'string', '0', '2022-01-11 11:01:26.084', null, null, null, 'admin', null);
INSERT INTO `act_hi_detail` VALUES ('5080', 'VariableUpdate', '5078', '5078', null, null, '${applyuserid}', 'null', '0', '2022-01-11 11:22:54.077', null, null, null, null, null);
INSERT INTO `act_hi_detail` VALUES ('5083', 'VariableUpdate', '5078', '5078', null, '5081', 'applyuserid', 'long', '0', '2022-01-11 11:22:54.078', null, null, '1', '1', null);
INSERT INTO `act_hi_detail` VALUES ('5085', 'VariableUpdate', '5078', '5078', null, '5081', 'one', 'string', '0', '2022-01-11 11:22:54.078', null, null, null, 'admin', null);
INSERT INTO `act_hi_detail` VALUES ('5098', 'VariableUpdate', '5096', '5096', null, null, '${applyuserid}', 'null', '0', '2022-01-11 14:26:38.088', null, null, null, null, null);
INSERT INTO `act_hi_detail` VALUES ('5101', 'VariableUpdate', '5096', '5096', null, '5099', 'applyuserid', 'long', '0', '2022-01-11 14:26:38.089', null, null, '1', '1', null);
INSERT INTO `act_hi_detail` VALUES ('5103', 'VariableUpdate', '5096', '5096', null, '5099', 'one', 'string', '0', '2022-01-11 14:26:38.089', null, null, null, 'admin', null);
INSERT INTO `act_hi_detail` VALUES ('5109', 'VariableUpdate', '5096', '5096', null, '5104', 'two', 'string', '0', '2022-01-11 14:26:48.939', null, null, null, 'admin', null);
INSERT INTO `act_hi_detail` VALUES ('5111', 'VariableUpdate', '5096', '5096', null, '5104', 'oneApprove', 'string', '0', '2022-01-11 14:26:48.941', null, null, null, 'true', null);

-- ----------------------------
-- Table structure for act_hi_identitylink
-- ----------------------------
DROP TABLE IF EXISTS `act_hi_identitylink`;
CREATE TABLE `act_hi_identitylink` (
  `ID_` varchar(64) COLLATE utf8_bin NOT NULL,
  `GROUP_ID_` varchar(255) COLLATE utf8_bin DEFAULT NULL,
  `TYPE_` varchar(255) COLLATE utf8_bin DEFAULT NULL,
  `USER_ID_` varchar(255) COLLATE utf8_bin DEFAULT NULL,
  `TASK_ID_` varchar(64) COLLATE utf8_bin DEFAULT NULL,
  `PROC_INST_ID_` varchar(64) COLLATE utf8_bin DEFAULT NULL,
  PRIMARY KEY (`ID_`),
  KEY `ACT_IDX_HI_IDENT_LNK_USER` (`USER_ID_`),
  KEY `ACT_IDX_HI_IDENT_LNK_TASK` (`TASK_ID_`),
  KEY `ACT_IDX_HI_IDENT_LNK_PROCINST` (`PROC_INST_ID_`)
) ENGINE=InnoDB DEFAULT CHARSET=utf8 COLLATE=utf8_bin;

-- ----------------------------
-- Records of act_hi_identitylink
-- ----------------------------
INSERT INTO `act_hi_identitylink` VALUES ('5011', null, 'participant', 'admin', null, '5001');
INSERT INTO `act_hi_identitylink` VALUES ('5012', '运营管理员', 'candidate', null, '5010', null);
INSERT INTO `act_hi_identitylink` VALUES ('5020', '副主任', 'candidate', null, '5019', null);
INSERT INTO `act_hi_identitylink` VALUES ('5028', '主任', 'candidate', null, '5027', null);
INSERT INTO `act_hi_identitylink` VALUES ('5059', null, 'participant', '任振鹤', null, '5033');
INSERT INTO `act_hi_identitylink` VALUES ('5060', '省长', 'candidate', null, '5058', null);
INSERT INTO `act_hi_identitylink` VALUES ('5071', null, 'participant', 'admin', null, '5061');
INSERT INTO `act_hi_identitylink` VALUES ('5072', '运营管理员', 'candidate', null, '5070', null);
INSERT INTO `act_hi_identitylink` VALUES ('5088', null, 'participant', 'admin', null, '5078');
INSERT INTO `act_hi_identitylink` VALUES ('5089', '运营管理员', 'candidate', null, '5087', null);
INSERT INTO `act_hi_identitylink` VALUES ('5106', null, 'participant', 'admin', null, '5096');
INSERT INTO `act_hi_identitylink` VALUES ('5107', '运营管理员', 'candidate', null, '5105', null);
INSERT INTO `act_hi_identitylink` VALUES ('5115', '副主任', 'candidate', null, '5114', null);

-- ----------------------------
-- Table structure for act_hi_procinst
-- ----------------------------
DROP TABLE IF EXISTS `act_hi_procinst`;
CREATE TABLE `act_hi_procinst` (
  `ID_` varchar(64) COLLATE utf8_bin NOT NULL,
  `PROC_INST_ID_` varchar(64) COLLATE utf8_bin NOT NULL,
  `BUSINESS_KEY_` varchar(255) COLLATE utf8_bin DEFAULT NULL,
  `PROC_DEF_ID_` varchar(64) COLLATE utf8_bin NOT NULL,
  `START_TIME_` datetime(3) NOT NULL,
  `END_TIME_` datetime(3) DEFAULT NULL,
  `DURATION_` bigint(20) DEFAULT NULL,
  `START_USER_ID_` varchar(255) COLLATE utf8_bin DEFAULT NULL,
  `START_ACT_ID_` varchar(255) COLLATE utf8_bin DEFAULT NULL,
  `END_ACT_ID_` varchar(255) COLLATE utf8_bin DEFAULT NULL,
  `SUPER_PROCESS_INSTANCE_ID_` varchar(64) COLLATE utf8_bin DEFAULT NULL,
  `DELETE_REASON_` varchar(4000) COLLATE utf8_bin DEFAULT NULL,
  `TENANT_ID_` varchar(255) COLLATE utf8_bin DEFAULT '',
  `NAME_` varchar(255) COLLATE utf8_bin DEFAULT NULL,
  PRIMARY KEY (`ID_`),
  UNIQUE KEY `PROC_INST_ID_` (`PROC_INST_ID_`),
  KEY `ACT_IDX_HI_PRO_INST_END` (`END_TIME_`),
  KEY `ACT_IDX_HI_PRO_I_BUSKEY` (`BUSINESS_KEY_`)
) ENGINE=InnoDB DEFAULT CHARSET=utf8 COLLATE=utf8_bin;

-- ----------------------------
-- Records of act_hi_procinst
-- ----------------------------
INSERT INTO `act_hi_procinst` VALUES ('5001', '5001', '2', 'gansu_process:1:2506', '2022-01-11 10:53:49.799', '2022-01-11 11:00:02.259', '372460', null, 'startevent1', 'mainEnd', null, null, '', null);
INSERT INTO `act_hi_procinst` VALUES ('5033', '5033', null, 'provincePocess:1:2507', '2022-01-11 11:00:02.407', null, null, null, 'start', null, null, null, '', null);
INSERT INTO `act_hi_procinst` VALUES ('5061', '5061', '3', 'gansu_process:1:2506', '2022-01-11 11:01:26.083', null, null, null, 'startevent1', null, null, null, '', null);
INSERT INTO `act_hi_procinst` VALUES ('5078', '5078', '4', 'gansu_process:1:2506', '2022-01-11 11:22:54.078', null, null, null, 'startevent1', null, null, null, '', null);
INSERT INTO `act_hi_procinst` VALUES ('5096', '5096', '5', 'gansu_process:1:2506', '2022-01-11 14:26:38.089', null, null, null, 'startevent1', null, null, null, '', null);

-- ----------------------------
-- Table structure for act_hi_taskinst
-- ----------------------------
DROP TABLE IF EXISTS `act_hi_taskinst`;
CREATE TABLE `act_hi_taskinst` (
  `ID_` varchar(64) COLLATE utf8_bin NOT NULL,
  `PROC_DEF_ID_` varchar(64) COLLATE utf8_bin DEFAULT NULL,
  `TASK_DEF_KEY_` varchar(255) COLLATE utf8_bin DEFAULT NULL,
  `PROC_INST_ID_` varchar(64) COLLATE utf8_bin DEFAULT NULL,
  `EXECUTION_ID_` varchar(64) COLLATE utf8_bin DEFAULT NULL,
  `NAME_` varchar(255) COLLATE utf8_bin DEFAULT NULL,
  `PARENT_TASK_ID_` varchar(64) COLLATE utf8_bin DEFAULT NULL,
  `DESCRIPTION_` varchar(4000) COLLATE utf8_bin DEFAULT NULL,
  `OWNER_` varchar(255) COLLATE utf8_bin DEFAULT NULL,
  `ASSIGNEE_` varchar(255) COLLATE utf8_bin DEFAULT NULL,
  `START_TIME_` datetime(3) NOT NULL,
  `CLAIM_TIME_` datetime(3) DEFAULT NULL,
  `END_TIME_` datetime(3) DEFAULT NULL,
  `DURATION_` bigint(20) DEFAULT NULL,
  `DELETE_REASON_` varchar(4000) COLLATE utf8_bin DEFAULT NULL,
  `PRIORITY_` int(11) DEFAULT NULL,
  `DUE_DATE_` datetime(3) DEFAULT NULL,
  `FORM_KEY_` varchar(255) COLLATE utf8_bin DEFAULT NULL,
  `CATEGORY_` varchar(255) COLLATE utf8_bin DEFAULT NULL,
  `TENANT_ID_` varchar(255) COLLATE utf8_bin DEFAULT '',
  PRIMARY KEY (`ID_`),
  KEY `ACT_IDX_HI_TASK_INST_PROCINST` (`PROC_INST_ID_`)
) ENGINE=InnoDB DEFAULT CHARSET=utf8 COLLATE=utf8_bin;

-- ----------------------------
-- Records of act_hi_taskinst
-- ----------------------------
INSERT INTO `act_hi_taskinst` VALUES ('5010', 'gansu_process:1:2506', 'oneUserId', '5001', '5001', '一级审核', null, null, null, 'admin', '2022-01-11 10:53:49.812', '2022-01-11 10:59:23.138', '2022-01-11 10:59:23.146', '333334', 'completed', '50', null, null, null, '');
INSERT INTO `act_hi_taskinst` VALUES ('5019', 'gansu_process:1:2506', 'twoUserId', '5001', '5001', '二级审核', null, null, null, 'admin', '2022-01-11 10:59:23.152', '2022-01-11 10:59:51.199', '2022-01-11 10:59:51.205', '28053', 'completed', '50', null, null, null, '');
INSERT INTO `act_hi_taskinst` VALUES ('5027', 'gansu_process:1:2506', 'directorId', '5001', '5001', '终审', null, null, null, 'admin', '2022-01-11 10:59:51.206', '2022-01-11 11:00:02.253', '2022-01-11 11:00:02.258', '11052', 'completed', '50', null, null, null, '');
INSERT INTO `act_hi_taskinst` VALUES ('5058', 'provincePocess:1:2507', 'provinceId', '5033', '5053', '省长', null, null, null, '任振鹤', '2022-01-11 11:00:02.414', null, null, null, null, '50', null, null, null, '');
INSERT INTO `act_hi_taskinst` VALUES ('5070', 'gansu_process:1:2506', 'oneUserId', '5061', '5061', '一级审核', null, null, null, 'admin', '2022-01-11 11:01:26.084', null, null, null, null, '50', null, null, null, '');
INSERT INTO `act_hi_taskinst` VALUES ('5087', 'gansu_process:1:2506', 'oneUserId', '5078', '5078', '一级审核', null, null, null, 'admin', '2022-01-11 11:22:54.079', null, null, null, null, '50', null, null, null, '');
INSERT INTO `act_hi_taskinst` VALUES ('5105', 'gansu_process:1:2506', 'oneUserId', '5096', '5096', '一级审核', null, null, null, 'admin', '2022-01-11 14:26:38.089', '2022-01-11 14:26:48.933', '2022-01-11 14:26:48.943', '10854', 'completed', '50', null, null, null, '');
INSERT INTO `act_hi_taskinst` VALUES ('5114', 'gansu_process:1:2506', 'twoUserId', '5096', '5096', '二级审核', null, null, null, 'admin', '2022-01-11 14:26:48.943', null, null, null, null, '50', null, null, null, '');

-- ----------------------------
-- Table structure for act_hi_varinst
-- ----------------------------
DROP TABLE IF EXISTS `act_hi_varinst`;
CREATE TABLE `act_hi_varinst` (
  `ID_` varchar(64) COLLATE utf8_bin NOT NULL,
  `PROC_INST_ID_` varchar(64) COLLATE utf8_bin DEFAULT NULL,
  `EXECUTION_ID_` varchar(64) COLLATE utf8_bin DEFAULT NULL,
  `TASK_ID_` varchar(64) COLLATE utf8_bin DEFAULT NULL,
  `NAME_` varchar(255) COLLATE utf8_bin NOT NULL,
  `VAR_TYPE_` varchar(100) COLLATE utf8_bin DEFAULT NULL,
  `REV_` int(11) DEFAULT NULL,
  `BYTEARRAY_ID_` varchar(64) COLLATE utf8_bin DEFAULT NULL,
  `DOUBLE_` double DEFAULT NULL,
  `LONG_` bigint(20) DEFAULT NULL,
  `TEXT_` varchar(4000) COLLATE utf8_bin DEFAULT NULL,
  `TEXT2_` varchar(4000) COLLATE utf8_bin DEFAULT NULL,
  `CREATE_TIME_` datetime(3) DEFAULT NULL,
  `LAST_UPDATED_TIME_` datetime(3) DEFAULT NULL,
  PRIMARY KEY (`ID_`),
  KEY `ACT_IDX_HI_PROCVAR_PROC_INST` (`PROC_INST_ID_`),
  KEY `ACT_IDX_HI_PROCVAR_NAME_TYPE` (`NAME_`,`VAR_TYPE_`),
  KEY `ACT_IDX_HI_PROCVAR_TASK_ID` (`TASK_ID_`)
) ENGINE=InnoDB DEFAULT CHARSET=utf8 COLLATE=utf8_bin;

-- ----------------------------
-- Records of act_hi_varinst
-- ----------------------------
INSERT INTO `act_hi_varinst` VALUES ('5002', '5001', '5001', null, '${applyuserid}', 'null', '1', null, null, null, null, null, '2022-01-11 10:53:49.793', '2022-01-11 11:00:02.267');
INSERT INTO `act_hi_varinst` VALUES ('5005', '5001', '5001', null, 'applyuserid', 'long', '1', null, null, '1', '1', null, '2022-01-11 10:53:49.800', '2022-01-11 11:00:02.267');
INSERT INTO `act_hi_varinst` VALUES ('5007', '5001', '5001', null, 'one', 'string', '1', null, null, null, 'admin', null, '2022-01-11 10:53:49.800', '2022-01-11 11:00:02.267');
INSERT INTO `act_hi_varinst` VALUES ('5013', '5001', '5001', null, 'two', 'string', '1', null, null, null, 'admin', null, '2022-01-11 10:59:23.142', '2022-01-11 11:00:02.267');
INSERT INTO `act_hi_varinst` VALUES ('5015', '5001', '5001', null, 'oneApprove', 'string', '1', null, null, null, 'true', null, '2022-01-11 10:59:23.143', '2022-01-11 11:00:02.267');
INSERT INTO `act_hi_varinst` VALUES ('5021', '5001', '5001', null, 'finally', 'string', '1', null, null, null, 'admin', null, '2022-01-11 10:59:51.202', '2022-01-11 11:00:02.267');
INSERT INTO `act_hi_varinst` VALUES ('5023', '5001', '5001', null, 'twoApprove', 'string', '1', null, null, null, 'true', null, '2022-01-11 10:59:51.203', '2022-01-11 11:00:02.267');
INSERT INTO `act_hi_varinst` VALUES ('5029', '5001', '5001', null, 'finallyApprove', 'string', '0', null, null, null, 'true', null, '2022-01-11 11:00:02.256', '2022-01-11 11:00:02.267');
INSERT INTO `act_hi_varinst` VALUES ('5034', '5033', '5033', null, '${applyuserid}', 'null', '0', null, null, null, null, null, '2022-01-11 11:00:02.406', '2022-01-11 11:00:02.406');
INSERT INTO `act_hi_varinst` VALUES ('5038', '5033', '5033', null, 'provinceList', 'serializable', '0', '5039', null, null, null, null, '2022-01-11 11:00:02.408', '2022-01-11 11:00:02.408');
INSERT INTO `act_hi_varinst` VALUES ('5047', '5033', '5045', null, 'nrOfInstances', 'integer', '0', null, null, '1', '1', null, '2022-01-11 11:00:02.409', '2022-01-11 11:00:02.409');
INSERT INTO `act_hi_varinst` VALUES ('5049', '5033', '5045', null, 'nrOfCompletedInstances', 'integer', '0', null, null, '0', '0', null, '2022-01-11 11:00:02.409', '2022-01-11 11:00:02.409');
INSERT INTO `act_hi_varinst` VALUES ('5051', '5033', '5045', null, 'nrOfActiveInstances', 'integer', '0', null, null, '1', '1', null, '2022-01-11 11:00:02.409', '2022-01-11 11:00:02.409');
INSERT INTO `act_hi_varinst` VALUES ('5054', '5033', '5053', null, 'loopCounter', 'integer', '0', null, null, '0', '0', null, '2022-01-11 11:00:02.410', '2022-01-11 11:00:02.410');
INSERT INTO `act_hi_varinst` VALUES ('5056', '5033', '5053', null, 'provinceUser', 'string', '0', null, null, null, '任振鹤', null, '2022-01-11 11:00:02.412', '2022-01-11 11:00:02.412');
INSERT INTO `act_hi_varinst` VALUES ('5062', '5061', '5061', null, '${applyuserid}', 'null', '0', null, null, null, null, null, '2022-01-11 11:01:26.083', '2022-01-11 11:01:26.083');
INSERT INTO `act_hi_varinst` VALUES ('5065', '5061', '5061', null, 'applyuserid', 'long', '0', null, null, '1', '1', null, '2022-01-11 11:01:26.083', '2022-01-11 11:01:26.083');
INSERT INTO `act_hi_varinst` VALUES ('5067', '5061', '5061', null, 'one', 'string', '0', null, null, null, 'admin', null, '2022-01-11 11:01:26.084', '2022-01-11 11:01:26.084');
INSERT INTO `act_hi_varinst` VALUES ('5079', '5078', '5078', null, '${applyuserid}', 'null', '0', null, null, null, null, null, '2022-01-11 11:22:54.077', '2022-01-11 11:22:54.077');
INSERT INTO `act_hi_varinst` VALUES ('5082', '5078', '5078', null, 'applyuserid', 'long', '0', null, null, '1', '1', null, '2022-01-11 11:22:54.078', '2022-01-11 11:22:54.078');
INSERT INTO `act_hi_varinst` VALUES ('5084', '5078', '5078', null, 'one', 'string', '0', null, null, null, 'admin', null, '2022-01-11 11:22:54.078', '2022-01-11 11:22:54.078');
INSERT INTO `act_hi_varinst` VALUES ('5097', '5096', '5096', null, '${applyuserid}', 'null', '0', null, null, null, null, null, '2022-01-11 14:26:38.088', '2022-01-11 14:26:38.088');
INSERT INTO `act_hi_varinst` VALUES ('5100', '5096', '5096', null, 'applyuserid', 'long', '0', null, null, '1', '1', null, '2022-01-11 14:26:38.089', '2022-01-11 14:26:38.089');
INSERT INTO `act_hi_varinst` VALUES ('5102', '5096', '5096', null, 'one', 'string', '0', null, null, null, 'admin', null, '2022-01-11 14:26:38.089', '2022-01-11 14:26:38.089');
INSERT INTO `act_hi_varinst` VALUES ('5108', '5096', '5096', null, 'two', 'string', '0', null, null, null, 'admin', null, '2022-01-11 14:26:48.939', '2022-01-11 14:26:48.939');
INSERT INTO `act_hi_varinst` VALUES ('5110', '5096', '5096', null, 'oneApprove', 'string', '0', null, null, null, 'true', null, '2022-01-11 14:26:48.941', '2022-01-11 14:26:48.941');

-- ----------------------------
-- Table structure for act_id_group
-- ----------------------------
DROP TABLE IF EXISTS `act_id_group`;
CREATE TABLE `act_id_group` (
  `ID_` varchar(64) COLLATE utf8_bin NOT NULL,
  `REV_` int(11) DEFAULT NULL,
  `NAME_` varchar(255) COLLATE utf8_bin DEFAULT NULL,
  `TYPE_` varchar(255) COLLATE utf8_bin DEFAULT NULL,
  PRIMARY KEY (`ID_`)
) ENGINE=InnoDB DEFAULT CHARSET=utf8 COLLATE=utf8_bin;

-- ----------------------------
-- Records of act_id_group
-- ----------------------------

-- ----------------------------
-- Table structure for act_id_info
-- ----------------------------
DROP TABLE IF EXISTS `act_id_info`;
CREATE TABLE `act_id_info` (
  `ID_` varchar(64) COLLATE utf8_bin NOT NULL,
  `REV_` int(11) DEFAULT NULL,
  `USER_ID_` varchar(64) COLLATE utf8_bin DEFAULT NULL,
  `TYPE_` varchar(64) COLLATE utf8_bin DEFAULT NULL,
  `KEY_` varchar(255) COLLATE utf8_bin DEFAULT NULL,
  `VALUE_` varchar(255) COLLATE utf8_bin DEFAULT NULL,
  `PASSWORD_` longblob,
  `PARENT_ID_` varchar(255) COLLATE utf8_bin DEFAULT NULL,
  PRIMARY KEY (`ID_`)
) ENGINE=InnoDB DEFAULT CHARSET=utf8 COLLATE=utf8_bin;

-- ----------------------------
-- Records of act_id_info
-- ----------------------------

-- ----------------------------
-- Table structure for act_id_membership
-- ----------------------------
DROP TABLE IF EXISTS `act_id_membership`;
CREATE TABLE `act_id_membership` (
  `USER_ID_` varchar(64) COLLATE utf8_bin NOT NULL,
  `GROUP_ID_` varchar(64) COLLATE utf8_bin NOT NULL,
  PRIMARY KEY (`USER_ID_`,`GROUP_ID_`),
  KEY `ACT_FK_MEMB_GROUP` (`GROUP_ID_`),
  CONSTRAINT `ACT_FK_MEMB_GROUP` FOREIGN KEY (`GROUP_ID_`) REFERENCES `act_id_group` (`ID_`),
  CONSTRAINT `ACT_FK_MEMB_USER` FOREIGN KEY (`USER_ID_`) REFERENCES `act_id_user` (`ID_`)
) ENGINE=InnoDB DEFAULT CHARSET=utf8 COLLATE=utf8_bin;

-- ----------------------------
-- Records of act_id_membership
-- ----------------------------

-- ----------------------------
-- Table structure for act_id_user
-- ----------------------------
DROP TABLE IF EXISTS `act_id_user`;
CREATE TABLE `act_id_user` (
  `ID_` varchar(64) COLLATE utf8_bin NOT NULL,
  `REV_` int(11) DEFAULT NULL,
  `FIRST_` varchar(255) COLLATE utf8_bin DEFAULT NULL,
  `LAST_` varchar(255) COLLATE utf8_bin DEFAULT NULL,
  `EMAIL_` varchar(255) COLLATE utf8_bin DEFAULT NULL,
  `PWD_` varchar(255) COLLATE utf8_bin DEFAULT NULL,
  `PICTURE_ID_` varchar(64) COLLATE utf8_bin DEFAULT NULL,
  PRIMARY KEY (`ID_`)
) ENGINE=InnoDB DEFAULT CHARSET=utf8 COLLATE=utf8_bin;

-- ----------------------------
-- Records of act_id_user
-- ----------------------------

-- ----------------------------
-- Table structure for act_procdef_info
-- ----------------------------
DROP TABLE IF EXISTS `act_procdef_info`;
CREATE TABLE `act_procdef_info` (
  `ID_` varchar(64) COLLATE utf8_bin NOT NULL,
  `PROC_DEF_ID_` varchar(64) COLLATE utf8_bin NOT NULL,
  `REV_` int(11) DEFAULT NULL,
  `INFO_JSON_ID_` varchar(64) COLLATE utf8_bin DEFAULT NULL,
  PRIMARY KEY (`ID_`),
  UNIQUE KEY `ACT_UNIQ_INFO_PROCDEF` (`PROC_DEF_ID_`),
  KEY `ACT_IDX_INFO_PROCDEF` (`PROC_DEF_ID_`),
  KEY `ACT_FK_INFO_JSON_BA` (`INFO_JSON_ID_`),
  CONSTRAINT `ACT_FK_INFO_JSON_BA` FOREIGN KEY (`INFO_JSON_ID_`) REFERENCES `act_ge_bytearray` (`ID_`),
  CONSTRAINT `ACT_FK_INFO_PROCDEF` FOREIGN KEY (`PROC_DEF_ID_`) REFERENCES `act_re_procdef` (`ID_`)
) ENGINE=InnoDB DEFAULT CHARSET=utf8 COLLATE=utf8_bin;

-- ----------------------------
-- Records of act_procdef_info
-- ----------------------------

-- ----------------------------
-- Table structure for act_re_deployment
-- ----------------------------
DROP TABLE IF EXISTS `act_re_deployment`;
CREATE TABLE `act_re_deployment` (
  `ID_` varchar(64) COLLATE utf8_bin NOT NULL,
  `NAME_` varchar(255) COLLATE utf8_bin DEFAULT NULL,
  `CATEGORY_` varchar(255) COLLATE utf8_bin DEFAULT NULL,
  `TENANT_ID_` varchar(255) COLLATE utf8_bin DEFAULT '',
  `DEPLOY_TIME_` timestamp(3) NULL DEFAULT NULL,
  PRIMARY KEY (`ID_`)
) ENGINE=InnoDB DEFAULT CHARSET=utf8 COLLATE=utf8_bin;

-- ----------------------------
-- Records of act_re_deployment
-- ----------------------------
INSERT INTO `act_re_deployment` VALUES ('2501', 'SpringAutoDeployment', null, '', '2022-01-11 10:51:49.688');
INSERT INTO `act_re_deployment` VALUES ('7501', 'SpringAutoDeployment', null, '', '2022-01-14 17:21:25.895');

-- ----------------------------
-- Table structure for act_re_model
-- ----------------------------
DROP TABLE IF EXISTS `act_re_model`;
CREATE TABLE `act_re_model` (
  `ID_` varchar(64) COLLATE utf8_bin NOT NULL,
  `REV_` int(11) DEFAULT NULL,
  `NAME_` varchar(255) COLLATE utf8_bin DEFAULT NULL,
  `KEY_` varchar(255) COLLATE utf8_bin DEFAULT NULL,
  `CATEGORY_` varchar(255) COLLATE utf8_bin DEFAULT NULL,
  `CREATE_TIME_` timestamp(3) NULL DEFAULT NULL,
  `LAST_UPDATE_TIME_` timestamp(3) NULL DEFAULT NULL,
  `VERSION_` int(11) DEFAULT NULL,
  `META_INFO_` varchar(4000) COLLATE utf8_bin DEFAULT NULL,
  `DEPLOYMENT_ID_` varchar(64) COLLATE utf8_bin DEFAULT NULL,
  `EDITOR_SOURCE_VALUE_ID_` varchar(64) COLLATE utf8_bin DEFAULT NULL,
  `EDITOR_SOURCE_EXTRA_VALUE_ID_` varchar(64) COLLATE utf8_bin DEFAULT NULL,
  `TENANT_ID_` varchar(255) COLLATE utf8_bin DEFAULT '',
  PRIMARY KEY (`ID_`),
  KEY `ACT_FK_MODEL_SOURCE` (`EDITOR_SOURCE_VALUE_ID_`),
  KEY `ACT_FK_MODEL_SOURCE_EXTRA` (`EDITOR_SOURCE_EXTRA_VALUE_ID_`),
  KEY `ACT_FK_MODEL_DEPLOYMENT` (`DEPLOYMENT_ID_`),
  CONSTRAINT `ACT_FK_MODEL_DEPLOYMENT` FOREIGN KEY (`DEPLOYMENT_ID_`) REFERENCES `act_re_deployment` (`ID_`),
  CONSTRAINT `ACT_FK_MODEL_SOURCE` FOREIGN KEY (`EDITOR_SOURCE_VALUE_ID_`) REFERENCES `act_ge_bytearray` (`ID_`),
  CONSTRAINT `ACT_FK_MODEL_SOURCE_EXTRA` FOREIGN KEY (`EDITOR_SOURCE_EXTRA_VALUE_ID_`) REFERENCES `act_ge_bytearray` (`ID_`)
) ENGINE=InnoDB DEFAULT CHARSET=utf8 COLLATE=utf8_bin;

-- ----------------------------
-- Records of act_re_model
-- ----------------------------

-- ----------------------------
-- Table structure for act_re_procdef
-- ----------------------------
DROP TABLE IF EXISTS `act_re_procdef`;
CREATE TABLE `act_re_procdef` (
  `ID_` varchar(64) COLLATE utf8_bin NOT NULL,
  `REV_` int(11) DEFAULT NULL,
  `CATEGORY_` varchar(255) COLLATE utf8_bin DEFAULT NULL,
  `NAME_` varchar(255) COLLATE utf8_bin DEFAULT NULL,
  `KEY_` varchar(255) COLLATE utf8_bin NOT NULL,
  `VERSION_` int(11) NOT NULL,
  `DEPLOYMENT_ID_` varchar(64) COLLATE utf8_bin DEFAULT NULL,
  `RESOURCE_NAME_` varchar(4000) COLLATE utf8_bin DEFAULT NULL,
  `DGRM_RESOURCE_NAME_` varchar(4000) COLLATE utf8_bin DEFAULT NULL,
  `DESCRIPTION_` varchar(4000) COLLATE utf8_bin DEFAULT NULL,
  `HAS_START_FORM_KEY_` tinyint(4) DEFAULT NULL,
  `HAS_GRAPHICAL_NOTATION_` tinyint(4) DEFAULT NULL,
  `SUSPENSION_STATE_` int(11) DEFAULT NULL,
  `TENANT_ID_` varchar(255) COLLATE utf8_bin DEFAULT '',
  PRIMARY KEY (`ID_`),
  UNIQUE KEY `ACT_UNIQ_PROCDEF` (`KEY_`,`VERSION_`,`TENANT_ID_`)
) ENGINE=InnoDB DEFAULT CHARSET=utf8 COLLATE=utf8_bin;

-- ----------------------------
-- Records of act_re_procdef
-- ----------------------------
INSERT INTO `act_re_procdef` VALUES ('gansu_process:1:2506', '1', 'http://www.activiti.org/test', 'report', 'gansu_process', '1', '2501', 'C:\\code\\backend\\cmict-server\\cmict-activiti\\target\\classes\\process\\gansu_process.bpmn20.xml', 'C:\\code\\backend\\cmict-server\\cmict-activiti\\target\\classes\\process\\gansu_process.gansu_process.png', null, '0', '1', '1', '');
INSERT INTO `act_re_procdef` VALUES ('gansu_process:2:7506', '1', 'http://www.activiti.org/test', 'report', 'gansu_process', '2', '7501', 'C:\\code\\backend\\cmict-server\\cmict-activiti\\target\\classes\\process\\gansu_process.bpmn20.xml', 'C:\\code\\backend\\cmict-server\\cmict-activiti\\target\\classes\\process\\gansu_process.gansu_process.png', null, '0', '1', '1', '');
INSERT INTO `act_re_procdef` VALUES ('provincePocess:1:2507', '1', 'http://www.activiti.org/processdef', null, 'provincePocess', '1', '2501', 'C:\\code\\backend\\cmict-server\\cmict-activiti\\target\\classes\\process\\provincePocess.bpmn20.xml', 'C:\\code\\backend\\cmict-server\\cmict-activiti\\target\\classes\\process\\provincePocess.provincePocess.png', null, '0', '1', '1', '');
INSERT INTO `act_re_procdef` VALUES ('provincePocess:2:7507', '1', 'http://www.activiti.org/processdef', null, 'provincePocess', '2', '7501', 'C:\\code\\backend\\cmict-server\\cmict-activiti\\target\\classes\\process\\provincePocess.bpmn20.xml', 'C:\\code\\backend\\cmict-server\\cmict-activiti\\target\\classes\\process\\provincePocess.provincePocess.png', null, '0', '1', '1', '');

-- ----------------------------
-- Table structure for act_ru_event_subscr
-- ----------------------------
DROP TABLE IF EXISTS `act_ru_event_subscr`;
CREATE TABLE `act_ru_event_subscr` (
  `ID_` varchar(64) COLLATE utf8_bin NOT NULL,
  `REV_` int(11) DEFAULT NULL,
  `EVENT_TYPE_` varchar(255) COLLATE utf8_bin NOT NULL,
  `EVENT_NAME_` varchar(255) COLLATE utf8_bin DEFAULT NULL,
  `EXECUTION_ID_` varchar(64) COLLATE utf8_bin DEFAULT NULL,
  `PROC_INST_ID_` varchar(64) COLLATE utf8_bin DEFAULT NULL,
  `ACTIVITY_ID_` varchar(64) COLLATE utf8_bin DEFAULT NULL,
  `CONFIGURATION_` varchar(255) COLLATE utf8_bin DEFAULT NULL,
  `CREATED_` timestamp(3) NOT NULL DEFAULT CURRENT_TIMESTAMP(3),
  `PROC_DEF_ID_` varchar(64) COLLATE utf8_bin DEFAULT NULL,
  `TENANT_ID_` varchar(255) COLLATE utf8_bin DEFAULT '',
  PRIMARY KEY (`ID_`),
  KEY `ACT_IDX_EVENT_SUBSCR_CONFIG_` (`CONFIGURATION_`),
  KEY `ACT_FK_EVENT_EXEC` (`EXECUTION_ID_`),
  CONSTRAINT `ACT_FK_EVENT_EXEC` FOREIGN KEY (`EXECUTION_ID_`) REFERENCES `act_ru_execution` (`ID_`)
) ENGINE=InnoDB DEFAULT CHARSET=utf8 COLLATE=utf8_bin;

-- ----------------------------
-- Records of act_ru_event_subscr
-- ----------------------------

-- ----------------------------
-- Table structure for act_ru_execution
-- ----------------------------
DROP TABLE IF EXISTS `act_ru_execution`;
CREATE TABLE `act_ru_execution` (
  `ID_` varchar(64) COLLATE utf8_bin NOT NULL,
  `REV_` int(11) DEFAULT NULL,
  `PROC_INST_ID_` varchar(64) COLLATE utf8_bin DEFAULT NULL,
  `BUSINESS_KEY_` varchar(255) COLLATE utf8_bin DEFAULT NULL,
  `PARENT_ID_` varchar(64) COLLATE utf8_bin DEFAULT NULL,
  `PROC_DEF_ID_` varchar(64) COLLATE utf8_bin DEFAULT NULL,
  `SUPER_EXEC_` varchar(64) COLLATE utf8_bin DEFAULT NULL,
  `ACT_ID_` varchar(255) COLLATE utf8_bin DEFAULT NULL,
  `IS_ACTIVE_` tinyint(4) DEFAULT NULL,
  `IS_CONCURRENT_` tinyint(4) DEFAULT NULL,
  `IS_SCOPE_` tinyint(4) DEFAULT NULL,
  `IS_EVENT_SCOPE_` tinyint(4) DEFAULT NULL,
  `SUSPENSION_STATE_` int(11) DEFAULT NULL,
  `CACHED_ENT_STATE_` int(11) DEFAULT NULL,
  `TENANT_ID_` varchar(255) COLLATE utf8_bin DEFAULT '',
  `NAME_` varchar(255) COLLATE utf8_bin DEFAULT NULL,
  `LOCK_TIME_` timestamp(3) NULL DEFAULT NULL,
  PRIMARY KEY (`ID_`),
  KEY `ACT_IDX_EXEC_BUSKEY` (`BUSINESS_KEY_`),
  KEY `ACT_FK_EXE_PROCINST` (`PROC_INST_ID_`),
  KEY `ACT_FK_EXE_PARENT` (`PARENT_ID_`),
  KEY `ACT_FK_EXE_SUPER` (`SUPER_EXEC_`),
  KEY `ACT_FK_EXE_PROCDEF` (`PROC_DEF_ID_`),
  CONSTRAINT `ACT_FK_EXE_PARENT` FOREIGN KEY (`PARENT_ID_`) REFERENCES `act_ru_execution` (`ID_`),
  CONSTRAINT `ACT_FK_EXE_PROCDEF` FOREIGN KEY (`PROC_DEF_ID_`) REFERENCES `act_re_procdef` (`ID_`),
  CONSTRAINT `ACT_FK_EXE_PROCINST` FOREIGN KEY (`PROC_INST_ID_`) REFERENCES `act_ru_execution` (`ID_`) ON DELETE CASCADE ON UPDATE CASCADE,
  CONSTRAINT `ACT_FK_EXE_SUPER` FOREIGN KEY (`SUPER_EXEC_`) REFERENCES `act_ru_execution` (`ID_`)
) ENGINE=InnoDB DEFAULT CHARSET=utf8 COLLATE=utf8_bin;

-- ----------------------------
-- Records of act_ru_execution
-- ----------------------------
INSERT INTO `act_ru_execution` VALUES ('5033', '1', '5033', null, null, 'provincePocess:1:2507', null, null, '0', '0', '1', '0', '1', '2', '', null, null);
INSERT INTO `act_ru_execution` VALUES ('5042', '1', '5033', null, '5033', 'provincePocess:1:2507', null, null, '0', '0', '1', '0', '1', '2', '', null, null);
INSERT INTO `act_ru_execution` VALUES ('5045', '1', '5033', null, '5042', 'provincePocess:1:2507', null, 'provinceId', '0', '0', '1', '0', '1', '6', '', null, null);
INSERT INTO `act_ru_execution` VALUES ('5053', '1', '5033', null, '5045', 'provincePocess:1:2507', null, 'provinceId', '1', '1', '0', '0', '1', '7', '', null, null);
INSERT INTO `act_ru_execution` VALUES ('5061', '1', '5061', '3', null, 'gansu_process:1:2506', null, 'oneUserId', '1', '0', '1', '0', '1', '2', '', null, null);
INSERT INTO `act_ru_execution` VALUES ('5078', '1', '5078', '4', null, 'gansu_process:1:2506', null, 'oneUserId', '1', '0', '1', '0', '1', '2', '', null, null);
INSERT INTO `act_ru_execution` VALUES ('5096', '2', '5096', '5', null, 'gansu_process:1:2506', null, 'twoUserId', '1', '0', '1', '0', '1', '2', '', null, null);

-- ----------------------------
-- Table structure for act_ru_identitylink
-- ----------------------------
DROP TABLE IF EXISTS `act_ru_identitylink`;
CREATE TABLE `act_ru_identitylink` (
  `ID_` varchar(64) COLLATE utf8_bin NOT NULL,
  `REV_` int(11) DEFAULT NULL,
  `GROUP_ID_` varchar(255) COLLATE utf8_bin DEFAULT NULL,
  `TYPE_` varchar(255) COLLATE utf8_bin DEFAULT NULL,
  `USER_ID_` varchar(255) COLLATE utf8_bin DEFAULT NULL,
  `TASK_ID_` varchar(64) COLLATE utf8_bin DEFAULT NULL,
  `PROC_INST_ID_` varchar(64) COLLATE utf8_bin DEFAULT NULL,
  `PROC_DEF_ID_` varchar(64) COLLATE utf8_bin DEFAULT NULL,
  PRIMARY KEY (`ID_`),
  KEY `ACT_IDX_IDENT_LNK_USER` (`USER_ID_`),
  KEY `ACT_IDX_IDENT_LNK_GROUP` (`GROUP_ID_`),
  KEY `ACT_IDX_ATHRZ_PROCEDEF` (`PROC_DEF_ID_`),
  KEY `ACT_FK_TSKASS_TASK` (`TASK_ID_`),
  KEY `ACT_FK_IDL_PROCINST` (`PROC_INST_ID_`),
  CONSTRAINT `ACT_FK_ATHRZ_PROCEDEF` FOREIGN KEY (`PROC_DEF_ID_`) REFERENCES `act_re_procdef` (`ID_`),
  CONSTRAINT `ACT_FK_IDL_PROCINST` FOREIGN KEY (`PROC_INST_ID_`) REFERENCES `act_ru_execution` (`ID_`),
  CONSTRAINT `ACT_FK_TSKASS_TASK` FOREIGN KEY (`TASK_ID_`) REFERENCES `act_ru_task` (`ID_`)
) ENGINE=InnoDB DEFAULT CHARSET=utf8 COLLATE=utf8_bin;

-- ----------------------------
-- Records of act_ru_identitylink
-- ----------------------------
INSERT INTO `act_ru_identitylink` VALUES ('5059', '1', null, 'participant', '任振鹤', null, '5033', null);
INSERT INTO `act_ru_identitylink` VALUES ('5060', '1', '省长', 'candidate', null, '5058', null, null);
INSERT INTO `act_ru_identitylink` VALUES ('5071', '1', null, 'participant', 'admin', null, '5061', null);
INSERT INTO `act_ru_identitylink` VALUES ('5072', '1', '运营管理员', 'candidate', null, '5070', null, null);
INSERT INTO `act_ru_identitylink` VALUES ('5088', '1', null, 'participant', 'admin', null, '5078', null);
INSERT INTO `act_ru_identitylink` VALUES ('5089', '1', '运营管理员', 'candidate', null, '5087', null, null);
INSERT INTO `act_ru_identitylink` VALUES ('5106', '1', null, 'participant', 'admin', null, '5096', null);
INSERT INTO `act_ru_identitylink` VALUES ('5115', '1', '副主任', 'candidate', null, '5114', null, null);

-- ----------------------------
-- Table structure for act_ru_job
-- ----------------------------
DROP TABLE IF EXISTS `act_ru_job`;
CREATE TABLE `act_ru_job` (
  `ID_` varchar(64) COLLATE utf8_bin NOT NULL,
  `REV_` int(11) DEFAULT NULL,
  `TYPE_` varchar(255) COLLATE utf8_bin NOT NULL,
  `LOCK_EXP_TIME_` timestamp(3) NULL DEFAULT NULL,
  `LOCK_OWNER_` varchar(255) COLLATE utf8_bin DEFAULT NULL,
  `EXCLUSIVE_` tinyint(1) DEFAULT NULL,
  `EXECUTION_ID_` varchar(64) COLLATE utf8_bin DEFAULT NULL,
  `PROCESS_INSTANCE_ID_` varchar(64) COLLATE utf8_bin DEFAULT NULL,
  `PROC_DEF_ID_` varchar(64) COLLATE utf8_bin DEFAULT NULL,
  `RETRIES_` int(11) DEFAULT NULL,
  `EXCEPTION_STACK_ID_` varchar(64) COLLATE utf8_bin DEFAULT NULL,
  `EXCEPTION_MSG_` varchar(4000) COLLATE utf8_bin DEFAULT NULL,
  `DUEDATE_` timestamp(3) NULL DEFAULT NULL,
  `REPEAT_` varchar(255) COLLATE utf8_bin DEFAULT NULL,
  `HANDLER_TYPE_` varchar(255) COLLATE utf8_bin DEFAULT NULL,
  `HANDLER_CFG_` varchar(4000) COLLATE utf8_bin DEFAULT NULL,
  `TENANT_ID_` varchar(255) COLLATE utf8_bin DEFAULT '',
  PRIMARY KEY (`ID_`),
  KEY `ACT_FK_JOB_EXCEPTION` (`EXCEPTION_STACK_ID_`),
  CONSTRAINT `ACT_FK_JOB_EXCEPTION` FOREIGN KEY (`EXCEPTION_STACK_ID_`) REFERENCES `act_ge_bytearray` (`ID_`)
) ENGINE=InnoDB DEFAULT CHARSET=utf8 COLLATE=utf8_bin;

-- ----------------------------
-- Records of act_ru_job
-- ----------------------------

-- ----------------------------
-- Table structure for act_ru_task
-- ----------------------------
DROP TABLE IF EXISTS `act_ru_task`;
CREATE TABLE `act_ru_task` (
  `ID_` varchar(64) COLLATE utf8_bin NOT NULL,
  `REV_` int(11) DEFAULT NULL,
  `EXECUTION_ID_` varchar(64) COLLATE utf8_bin DEFAULT NULL,
  `PROC_INST_ID_` varchar(64) COLLATE utf8_bin DEFAULT NULL,
  `PROC_DEF_ID_` varchar(64) COLLATE utf8_bin DEFAULT NULL,
  `NAME_` varchar(255) COLLATE utf8_bin DEFAULT NULL,
  `PARENT_TASK_ID_` varchar(64) COLLATE utf8_bin DEFAULT NULL,
  `DESCRIPTION_` varchar(4000) COLLATE utf8_bin DEFAULT NULL,
  `TASK_DEF_KEY_` varchar(255) COLLATE utf8_bin DEFAULT NULL,
  `OWNER_` varchar(255) COLLATE utf8_bin DEFAULT NULL,
  `ASSIGNEE_` varchar(255) COLLATE utf8_bin DEFAULT NULL,
  `DELEGATION_` varchar(64) COLLATE utf8_bin DEFAULT NULL,
  `PRIORITY_` int(11) DEFAULT NULL,
  `CREATE_TIME_` timestamp(3) NULL DEFAULT NULL,
  `DUE_DATE_` datetime(3) DEFAULT NULL,
  `CATEGORY_` varchar(255) COLLATE utf8_bin DEFAULT NULL,
  `SUSPENSION_STATE_` int(11) DEFAULT NULL,
  `TENANT_ID_` varchar(255) COLLATE utf8_bin DEFAULT '',
  `FORM_KEY_` varchar(255) COLLATE utf8_bin DEFAULT NULL,
  PRIMARY KEY (`ID_`),
  KEY `ACT_IDX_TASK_CREATE` (`CREATE_TIME_`),
  KEY `ACT_FK_TASK_EXE` (`EXECUTION_ID_`),
  KEY `ACT_FK_TASK_PROCINST` (`PROC_INST_ID_`),
  KEY `ACT_FK_TASK_PROCDEF` (`PROC_DEF_ID_`),
  CONSTRAINT `ACT_FK_TASK_EXE` FOREIGN KEY (`EXECUTION_ID_`) REFERENCES `act_ru_execution` (`ID_`),
  CONSTRAINT `ACT_FK_TASK_PROCDEF` FOREIGN KEY (`PROC_DEF_ID_`) REFERENCES `act_re_procdef` (`ID_`),
  CONSTRAINT `ACT_FK_TASK_PROCINST` FOREIGN KEY (`PROC_INST_ID_`) REFERENCES `act_ru_execution` (`ID_`)
) ENGINE=InnoDB DEFAULT CHARSET=utf8 COLLATE=utf8_bin;

-- ----------------------------
-- Records of act_ru_task
-- ----------------------------
INSERT INTO `act_ru_task` VALUES ('5058', '1', '5053', '5033', 'provincePocess:1:2507', '省长', null, null, 'provinceId', null, '任振鹤', null, '50', '2022-01-11 11:00:02.413', null, null, '1', '', null);
INSERT INTO `act_ru_task` VALUES ('5070', '1', '5061', '5061', 'gansu_process:1:2506', '一级审核', null, null, 'oneUserId', null, 'admin', null, '50', '2022-01-11 11:01:26.084', null, null, '1', '', null);
INSERT INTO `act_ru_task` VALUES ('5087', '1', '5078', '5078', 'gansu_process:1:2506', '一级审核', null, null, 'oneUserId', null, 'admin', null, '50', '2022-01-11 11:22:54.078', null, null, '1', '', null);
INSERT INTO `act_ru_task` VALUES ('5114', '1', '5096', '5096', 'gansu_process:1:2506', '二级审核', null, null, 'twoUserId', null, 'admin', null, '50', '2022-01-11 14:26:48.943', null, null, '1', '', null);

-- ----------------------------
-- Table structure for act_ru_variable
-- ----------------------------
DROP TABLE IF EXISTS `act_ru_variable`;
CREATE TABLE `act_ru_variable` (
  `ID_` varchar(64) COLLATE utf8_bin NOT NULL,
  `REV_` int(11) DEFAULT NULL,
  `TYPE_` varchar(255) COLLATE utf8_bin NOT NULL,
  `NAME_` varchar(255) COLLATE utf8_bin NOT NULL,
  `EXECUTION_ID_` varchar(64) COLLATE utf8_bin DEFAULT NULL,
  `PROC_INST_ID_` varchar(64) COLLATE utf8_bin DEFAULT NULL,
  `TASK_ID_` varchar(64) COLLATE utf8_bin DEFAULT NULL,
  `BYTEARRAY_ID_` varchar(64) COLLATE utf8_bin DEFAULT NULL,
  `DOUBLE_` double DEFAULT NULL,
  `LONG_` bigint(20) DEFAULT NULL,
  `TEXT_` varchar(4000) COLLATE utf8_bin DEFAULT NULL,
  `TEXT2_` varchar(4000) COLLATE utf8_bin DEFAULT NULL,
  PRIMARY KEY (`ID_`),
  KEY `ACT_IDX_VARIABLE_TASK_ID` (`TASK_ID_`),
  KEY `ACT_FK_VAR_EXE` (`EXECUTION_ID_`),
  KEY `ACT_FK_VAR_PROCINST` (`PROC_INST_ID_`),
  KEY `ACT_FK_VAR_BYTEARRAY` (`BYTEARRAY_ID_`),
  CONSTRAINT `ACT_FK_VAR_BYTEARRAY` FOREIGN KEY (`BYTEARRAY_ID_`) REFERENCES `act_ge_bytearray` (`ID_`),
  CONSTRAINT `ACT_FK_VAR_EXE` FOREIGN KEY (`EXECUTION_ID_`) REFERENCES `act_ru_execution` (`ID_`),
  CONSTRAINT `ACT_FK_VAR_PROCINST` FOREIGN KEY (`PROC_INST_ID_`) REFERENCES `act_ru_execution` (`ID_`)
) ENGINE=InnoDB DEFAULT CHARSET=utf8 COLLATE=utf8_bin;

-- ----------------------------
-- Records of act_ru_variable
-- ----------------------------
INSERT INTO `act_ru_variable` VALUES ('5034', '1', 'null', '${applyuserid}', '5033', '5033', null, null, null, null, null, null);
INSERT INTO `act_ru_variable` VALUES ('5038', '1', 'serializable', 'provinceList', '5033', '5033', null, '5037', null, null, null, null);
INSERT INTO `act_ru_variable` VALUES ('5047', '1', 'integer', 'nrOfInstances', '5045', '5033', null, null, null, '1', '1', null);
INSERT INTO `act_ru_variable` VALUES ('5049', '1', 'integer', 'nrOfCompletedInstances', '5045', '5033', null, null, null, '0', '0', null);
INSERT INTO `act_ru_variable` VALUES ('5051', '1', 'integer', 'nrOfActiveInstances', '5045', '5033', null, null, null, '1', '1', null);
INSERT INTO `act_ru_variable` VALUES ('5054', '1', 'integer', 'loopCounter', '5053', '5033', null, null, null, '0', '0', null);
INSERT INTO `act_ru_variable` VALUES ('5056', '1', 'string', 'provinceUser', '5053', '5033', null, null, null, null, '任振鹤', null);
INSERT INTO `act_ru_variable` VALUES ('5062', '1', 'null', '${applyuserid}', '5061', '5061', null, null, null, null, null, null);
INSERT INTO `act_ru_variable` VALUES ('5065', '1', 'long', 'applyuserid', '5061', '5061', null, null, null, '1', '1', null);
INSERT INTO `act_ru_variable` VALUES ('5067', '1', 'string', 'one', '5061', '5061', null, null, null, null, 'admin', null);
INSERT INTO `act_ru_variable` VALUES ('5079', '1', 'null', '${applyuserid}', '5078', '5078', null, null, null, null, null, null);
INSERT INTO `act_ru_variable` VALUES ('5082', '1', 'long', 'applyuserid', '5078', '5078', null, null, null, '1', '1', null);
INSERT INTO `act_ru_variable` VALUES ('5084', '1', 'string', 'one', '5078', '5078', null, null, null, null, 'admin', null);
INSERT INTO `act_ru_variable` VALUES ('5097', '1', 'null', '${applyuserid}', '5096', '5096', null, null, null, null, null, null);
INSERT INTO `act_ru_variable` VALUES ('5100', '1', 'long', 'applyuserid', '5096', '5096', null, null, null, '1', '1', null);
INSERT INTO `act_ru_variable` VALUES ('5102', '1', 'string', 'one', '5096', '5096', null, null, null, null, 'admin', null);
INSERT INTO `act_ru_variable` VALUES ('5108', '1', 'string', 'two', '5096', '5096', null, null, null, null, 'admin', null);
INSERT INTO `act_ru_variable` VALUES ('5110', '1', 'string', 'oneApprove', '5096', '5096', null, null, null, null, 'true', null);

-- ----------------------------
-- Table structure for archives
-- ----------------------------
DROP TABLE IF EXISTS `archives`;
CREATE TABLE `archives` (
  `id` bigint(20) NOT NULL AUTO_INCREMENT,
  `report_id` bigint(20) NOT NULL COMMENT '呈报编号',
  `title` varchar(255) NOT NULL COMMENT '标题',
  `person` varchar(255) NOT NULL COMMENT '归档人员',
  `operate_date` datetime NOT NULL COMMENT '归档时间',
  PRIMARY KEY (`id`) USING BTREE
) ENGINE=InnoDB AUTO_INCREMENT=30 DEFAULT CHARSET=utf8 ROW_FORMAT=DYNAMIC;

-- ----------------------------
-- Records of archives
-- ----------------------------

-- ----------------------------
-- Table structure for leaveapply
-- ----------------------------
DROP TABLE IF EXISTS `leaveapply`;
CREATE TABLE `leaveapply` (
  `id` int(11) NOT NULL AUTO_INCREMENT,
  `process_instance_id` varchar(45) DEFAULT NULL,
  `user_id` varchar(20) DEFAULT NULL,
  `start_time` varchar(45) DEFAULT NULL,
  `end_time` varchar(45) DEFAULT NULL,
  `leave_type` varchar(45) DEFAULT NULL,
  `reason` varchar(400) DEFAULT NULL,
  `apply_time` datetime DEFAULT NULL,
  `reality_start_time` varchar(45) DEFAULT NULL,
  `reality_end_time` varchar(45) DEFAULT NULL,
  PRIMARY KEY (`id`) USING BTREE
) ENGINE=InnoDB AUTO_INCREMENT=30 DEFAULT CHARSET=utf8 ROW_FORMAT=DYNAMIC;

-- ----------------------------
-- Records of leaveapply
-- ----------------------------
INSERT INTO `leaveapply` VALUES ('1', '2501', '1', '', '', '事假', '', '2021-09-01 09:04:18', null, null);
INSERT INTO `leaveapply` VALUES ('13', '32514', '1', '2021-09-01 09:00', '2021-09-02 09:30', '事假', '123', '2021-09-01 15:55:31', null, null);
INSERT INTO `leaveapply` VALUES ('14', '35001', '1', '2021-09-01 09:00', '2021-09-01 09:30', '事假', '123', '2021-09-02 10:17:28', null, null);
INSERT INTO `leaveapply` VALUES ('15', '37501', '1', '2021-09-01 09:00', '2021-09-03 08:45', '事假', 'g', '2021-09-02 15:13:01', null, null);
INSERT INTO `leaveapply` VALUES ('16', '37514', '1', '2021-09-01 09:00', '2021-09-02 09:30', '事假', 'ddd', '2021-09-02 15:13:39', null, null);
INSERT INTO `leaveapply` VALUES ('17', '40001', '1', '2021-09-01 09:00', '2021-09-02 09:30', '事假', '123', '2021-09-02 15:37:05', null, null);
INSERT INTO `leaveapply` VALUES ('20', '42501', '1', '2021-09-01 09:00', '2021-09-02 09:30', '事假', '123', '2021-09-02 15:46:34', null, null);
INSERT INTO `leaveapply` VALUES ('21', '52509', '1', '2021-09-01 09:30', '2021-09-01 09:45', '事假', 'qqweq', '2021-09-18 11:20:45', null, null);
INSERT INTO `leaveapply` VALUES ('22', '60002', '1', '2021-09-02 09:00', '2021-09-04 08:45', '丧假', '1', '2021-09-18 12:52:47', null, null);
INSERT INTO `leaveapply` VALUES ('23', '60029', '1', '2021-09-01 09:00', '2021-09-03 09:00', '丧假', '1', '2021-09-18 12:58:18', null, null);
INSERT INTO `leaveapply` VALUES ('25', '62512', '1', '2021-09-01 10:00', '2021-09-01 11:30', '丧假', '1', '2021-09-18 13:39:00', null, null);
INSERT INTO `leaveapply` VALUES ('28', '62553', '1', '2021-09-01 09:30', '2021-09-04 10:15', '事假', '1', '2021-09-18 13:45:45', null, null);
INSERT INTO `leaveapply` VALUES ('29', '65001', '1', '2021-09-01 08:30', '2021-09-01 09:30', '事假', '1', '2021-09-18 14:07:44', null, null);

-- ----------------------------
-- Table structure for t_area
-- ----------------------------
DROP TABLE IF EXISTS `t_area`;
CREATE TABLE `t_area` (
  `ID` varchar(100) NOT NULL COMMENT '片区ID',
  `AREA_NAME` varchar(255) DEFAULT NULL COMMENT '片区名称',
  PRIMARY KEY (`ID`) USING BTREE
) ENGINE=InnoDB DEFAULT CHARSET=utf8 ROW_FORMAT=DYNAMIC;

-- ----------------------------
-- Records of t_area
-- ----------------------------

-- ----------------------------
-- Table structure for t_attention
-- ----------------------------
DROP TABLE IF EXISTS `t_attention`;
CREATE TABLE `t_attention` (
  `USER_ID` bigint(20) NOT NULL,
  `DEVICE_ID` varchar(200) DEFAULT NULL
) ENGINE=InnoDB DEFAULT CHARSET=utf8 ROW_FORMAT=DYNAMIC;

-- ----------------------------
-- Records of t_attention
-- ----------------------------

-- ----------------------------
-- Table structure for t_collectandedit
-- ----------------------------
DROP TABLE IF EXISTS `t_collectandedit`;
CREATE TABLE `t_collectandedit` (
  `id` bigint(20) NOT NULL AUTO_INCREMENT,
  `code` varchar(255) DEFAULT NULL COMMENT '呈报编号',
  `process_instance_id` varchar(255) DEFAULT NULL COMMENT '流程实例id',
  `user_Id` bigint(20) DEFAULT NULL COMMENT '用户ID',
  `user_name` varchar(255) DEFAULT NULL COMMENT '撰稿人',
  `title` varchar(255) DEFAULT NULL COMMENT '标题',
  `description` varchar(255) DEFAULT NULL COMMENT '摘要',
  `picture` varchar(255) DEFAULT NULL COMMENT '呈报图片',
  `opinion` varchar(255) DEFAULT NULL COMMENT '意见',
  `status` varchar(255) DEFAULT NULL COMMENT '状态',
  `return_user` varchar(255) DEFAULT NULL COMMENT '退回人',
  `next_user` varchar(255) DEFAULT NULL COMMENT '下一节点审批人',
  `provs` varchar(255) DEFAULT NULL COMMENT '省长ID',
  `create_time` datetime DEFAULT NULL COMMENT '创建时间',
  `update_time` datetime DEFAULT NULL ON UPDATE CURRENT_TIMESTAMP COMMENT '更新时间',
  PRIMARY KEY (`id`) USING BTREE
) ENGINE=InnoDB AUTO_INCREMENT=85 DEFAULT CHARSET=utf8 ROW_FORMAT=DYNAMIC;

-- ----------------------------
-- Records of t_collectandedit
-- ----------------------------
INSERT INTO `t_collectandedit` VALUES ('1', '1', '1', '1', '11212', 'test', 'asasa', 'sdsd', 'sds', 'sd', 'sd', 'ds', 's', '2022-01-05 10:04:52', '2022-01-17 10:11:57');

-- ----------------------------
-- Table structure for t_datastatistics
-- ----------------------------
DROP TABLE IF EXISTS `t_datastatistics`;
CREATE TABLE `t_datastatistics` (
  `id` bigint(20) NOT NULL AUTO_INCREMENT,
  `report_id` bigint(20) NOT NULL,
  `leader_name` varchar(255) NOT NULL,
  `leader_id` bigint(20) NOT NULL,
  `status` varchar(255) NOT NULL,
  `instruct_picture_url` varchar(255) DEFAULT NULL,
  `read_time` datetime DEFAULT NULL,
  `instruct_time` datetime DEFAULT NULL,
  PRIMARY KEY (`id`) USING BTREE
) ENGINE=InnoDB AUTO_INCREMENT=2 DEFAULT CHARSET=utf8 ROW_FORMAT=DYNAMIC;

-- ----------------------------
-- Records of t_datastatistics
-- ----------------------------
INSERT INTO `t_datastatistics` VALUES ('1', '1', '1', '1', '12', '1', '2022-01-17 10:05:09', '2022-01-17 10:05:11');

-- ----------------------------
-- Table structure for t_datastatistics_app
-- ----------------------------
DROP TABLE IF EXISTS `t_datastatistics_app`;
CREATE TABLE `t_datastatistics_app` (
  `id` bigint(20) NOT NULL AUTO_INCREMENT,
  `report_id` bigint(20) NOT NULL,
  `leader_name` varchar(255) NOT NULL,
  `leader_id` bigint(20) NOT NULL,
  `status` varchar(255) NOT NULL,
  `instruct_picture_url` varchar(255) DEFAULT NULL,
  `read_time` datetime DEFAULT NULL,
  `instruct_time` datetime DEFAULT NULL,
  PRIMARY KEY (`id`) USING BTREE
) ENGINE=InnoDB AUTO_INCREMENT=2 DEFAULT CHARSET=utf8 ROW_FORMAT=DYNAMIC;

-- ----------------------------
-- Records of t_datastatistics_app
-- ----------------------------
INSERT INTO `t_datastatistics_app` VALUES ('1', '1', '1', '1', '12', '1', '2022-01-17 10:05:09', '2022-01-17 10:05:11');

-- ----------------------------
-- Table structure for t_data_app
-- ----------------------------
DROP TABLE IF EXISTS `t_data_app`;
CREATE TABLE `t_data_app` (
  `id` varchar(255) DEFAULT NULL,
  `REPORT_ID` varchar(255) DEFAULT NULL COMMENT 't_collectandeit表主键',
  `DATA` int(11) DEFAULT NULL,
  `POSITION` varchar(255) DEFAULT NULL
) ENGINE=InnoDB DEFAULT CHARSET=utf8;

-- ----------------------------
-- Records of t_data_app
-- ----------------------------

-- ----------------------------
-- Table structure for t_dept
-- ----------------------------
DROP TABLE IF EXISTS `t_dept`;
CREATE TABLE `t_dept` (
  `DEPT_ID` bigint(20) NOT NULL AUTO_INCREMENT COMMENT '部门ID',
  `PARENT_ID` bigint(20) NOT NULL COMMENT '上级部门ID',
  `DEPT_NAME` varchar(100) NOT NULL COMMENT '部门名称',
  `ORDER_NUM` double(20,0) DEFAULT NULL COMMENT '排序',
  `CREATE_TIME` datetime DEFAULT NULL COMMENT '创建时间',
  `MODIFY_TIME` datetime DEFAULT NULL COMMENT '修改时间',
  PRIMARY KEY (`DEPT_ID`) USING BTREE
) ENGINE=InnoDB DEFAULT CHARSET=utf8 ROW_FORMAT=DYNAMIC COMMENT='部门表';

-- ----------------------------
-- Records of t_dept
-- ----------------------------

-- ----------------------------
-- Table structure for t_device
-- ----------------------------
DROP TABLE IF EXISTS `t_device`;
CREATE TABLE `t_device` (
  `DEVICE_ID` varchar(200) NOT NULL COMMENT '设备SN',
  `DEVICE_NAME` varchar(50) NOT NULL COMMENT '设备名称',
  `INDEX_CODE` varchar(255) DEFAULT NULL COMMENT '设备唯一编码  和设备号区分',
  `DEVICE_TYPE` varchar(50) DEFAULT NULL COMMENT '设备型号',
  `TYPE` tinyint(1) DEFAULT NULL COMMENT '设备类型：0 摄像头 1 大喇叭',
  `REMARK` varchar(255) DEFAULT NULL COMMENT '备注',
  `AREA_ID` varchar(255) DEFAULT NULL COMMENT '设备所属片区ID',
  `LON` decimal(10,7) DEFAULT NULL COMMENT '经度',
  `LAT` decimal(10,7) DEFAULT NULL COMMENT '纬度',
  `ADDRESS` varchar(255) DEFAULT NULL COMMENT '设备地址',
  `BIND_DEVICE` varchar(200) DEFAULT NULL COMMENT '绑定的设备SN',
  `STATUS` char(4) DEFAULT NULL COMMENT '设备状态',
  `BIND_TIME` datetime DEFAULT NULL COMMENT '绑定时间',
  `MODIFY_TIME` datetime DEFAULT NULL COMMENT '修改时间',
  PRIMARY KEY (`DEVICE_ID`) USING BTREE
) ENGINE=InnoDB DEFAULT CHARSET=utf8 ROW_FORMAT=DYNAMIC;

-- ----------------------------
-- Records of t_device
-- ----------------------------

-- ----------------------------
-- Table structure for t_event
-- ----------------------------
DROP TABLE IF EXISTS `t_event`;
CREATE TABLE `t_event` (
  `CASE_NUMBER` varchar(100) NOT NULL COMMENT '事件编号',
  `VIDEO_ID` varchar(100) DEFAULT NULL COMMENT '视频编号',
  `DEVICE_ID` varchar(100) NOT NULL COMMENT '设备号',
  `DEVICE_NAME` varchar(100) NOT NULL COMMENT '设备名称',
  `CASE_IMAGE_URI` varchar(255) DEFAULT NULL COMMENT '告警图URI',
  `CHECK_IMAGE_URI` varchar(255) DEFAULT NULL COMMENT '核查图URI',
  `CASE_VIDEO_URI` varchar(255) DEFAULT NULL COMMENT '告警视频URI',
  `CREATE_TIME` datetime DEFAULT NULL COMMENT '告警时间',
  `ADDRESS` varchar(100) DEFAULT NULL COMMENT '告警地点',
  `LON` decimal(10,7) DEFAULT NULL COMMENT '经度',
  `LAT` decimal(10,7) DEFAULT NULL COMMENT '维度',
  `TYPE` varchar(10) DEFAULT NULL COMMENT '告警类型',
  `DESCRIPTION` varchar(255) DEFAULT NULL COMMENT '问题描述',
  `REPORT` tinyint(1) DEFAULT NULL COMMENT '0 未上报 1 已上报',
  `AREA_ID` varchar(100) DEFAULT NULL COMMENT '事件发生地所属片区',
  PRIMARY KEY (`CASE_NUMBER`) USING BTREE
) ENGINE=InnoDB DEFAULT CHARSET=utf8 ROW_FORMAT=DYNAMIC;

-- ----------------------------
-- Records of t_event
-- ----------------------------
INSERT INTO `t_event` VALUES ('1', '1', '1', '1', '1', '1', '1', '2021-08-18 10:44:54', '1', '1.0000000', '1.0000000', '1', '1', '1', '1');

-- ----------------------------
-- Table structure for t_event_log
-- ----------------------------
DROP TABLE IF EXISTS `t_event_log`;
CREATE TABLE `t_event_log` (
  `ID` bigint(20) NOT NULL AUTO_INCREMENT COMMENT '日志编号',
  `CASE_NUMBER` varchar(100) NOT NULL COMMENT '所属事件',
  `OPERATION` varchar(20) NOT NULL COMMENT '操作描述',
  `OPERATOR` varchar(50) NOT NULL COMMENT '操作人用户名',
  `OPERATION_TIME` datetime NOT NULL COMMENT '操作时间',
  PRIMARY KEY (`ID`) USING BTREE
) ENGINE=InnoDB AUTO_INCREMENT=111112 DEFAULT CHARSET=utf8 ROW_FORMAT=DYNAMIC;

-- ----------------------------
-- Records of t_event_log
-- ----------------------------
INSERT INTO `t_event_log` VALUES ('111111', '1', '1', '1', '2021-08-18 10:58:04');

-- ----------------------------
-- Table structure for t_event_user
-- ----------------------------
DROP TABLE IF EXISTS `t_event_user`;
CREATE TABLE `t_event_user` (
  `CASE_NUMBER` varchar(100) NOT NULL COMMENT '事件编号',
  `USER_ID` bigint(20) NOT NULL COMMENT '用户ID',
  `LOOK` tinyint(1) NOT NULL DEFAULT '0' COMMENT '0 未查看  1查看',
  `ATTENTION` tinyint(1) NOT NULL DEFAULT '0' COMMENT '0 未关注  1 已关注'
) ENGINE=InnoDB DEFAULT CHARSET=utf8 ROW_FORMAT=DYNAMIC;

-- ----------------------------
-- Records of t_event_user
-- ----------------------------
INSERT INTO `t_event_user` VALUES ('1', '1', '1', '1');

-- ----------------------------
-- Table structure for t_menu
-- ----------------------------
DROP TABLE IF EXISTS `t_menu`;
CREATE TABLE `t_menu` (
  `MENU_ID` bigint(20) NOT NULL AUTO_INCREMENT COMMENT '菜单/按钮ID',
  `PARENT_ID` bigint(20) NOT NULL COMMENT '上级菜单ID',
  `MENU_NAME` varchar(50) NOT NULL COMMENT '菜单/按钮名称',
  `PATH` varchar(255) DEFAULT NULL COMMENT '对应路由path',
  `REDIRECT` varchar(255) DEFAULT NULL COMMENT '路由重定向',
  `COMPONENT` varchar(255) DEFAULT NULL COMMENT '对应路由组件component',
  `PERMS` varchar(50) DEFAULT NULL COMMENT '权限标识',
  `ICON` varchar(50) DEFAULT NULL COMMENT '图标',
  `TYPE` char(2) NOT NULL COMMENT '类型 0菜单 1按钮',
  `ORDER_NUM` double(20,0) DEFAULT NULL COMMENT '排序',
  `CREATE_TIME` datetime NOT NULL COMMENT '创建时间',
  `MODIFY_TIME` datetime DEFAULT NULL COMMENT '修改时间',
  PRIMARY KEY (`MENU_ID`) USING BTREE
) ENGINE=InnoDB AUTO_INCREMENT=1015 DEFAULT CHARSET=utf8 ROW_FORMAT=DYNAMIC COMMENT='菜单表';

-- ----------------------------
-- Records of t_menu
-- ----------------------------
INSERT INTO `t_menu` VALUES ('1', '21', '系统管理', '/system-setting', null, 'management/system-setting/system-setting', null, 'el-icon-set-up', '0', '1', '2017-12-27 16:39:07', '2019-07-20 16:19:04');
INSERT INTO `t_menu` VALUES ('3', '1', '用户管理', '/user-setting', null, 'management/system-setting/user-setting', 'user:view', '', '0', '1', '2017-12-27 16:47:13', '2019-01-22 06:45:55');
INSERT INTO `t_menu` VALUES ('4', '1', '角色管理', '/role-setting', null, 'management/system-setting/role-setting', 'role:view', '', '0', '2', '2017-12-27 16:48:09', '2018-04-25 09:01:12');
INSERT INTO `t_menu` VALUES ('5', '1', '菜单管理', '/menu-setting', '', 'management/system-setting/menu-setting', 'menu:view', '', '0', '3', '2017-12-27 16:48:57', '2018-04-25 09:01:30');
INSERT INTO `t_menu` VALUES ('11', '3', '新增用户', '', null, '', 'user:add', null, '1', null, '2017-12-27 17:02:58', null);
INSERT INTO `t_menu` VALUES ('12', '3', '修改用户', '', null, '', 'user:update', null, '1', null, '2017-12-27 17:04:07', null);
INSERT INTO `t_menu` VALUES ('13', '3', '删除用户', '', null, '', 'user:delete', null, '1', null, '2017-12-27 17:04:58', null);
INSERT INTO `t_menu` VALUES ('14', '4', '新增角色', '', null, '', 'role:add', null, '1', null, '2017-12-27 17:06:38', null);
INSERT INTO `t_menu` VALUES ('15', '4', '修改角色', '', null, '', 'role:update', null, '1', null, '2017-12-27 17:06:38', null);
INSERT INTO `t_menu` VALUES ('16', '4', '删除角色', '', null, '', 'role:delete', null, '1', null, '2017-12-27 17:06:38', null);
INSERT INTO `t_menu` VALUES ('17', '5', '新增菜单', '', null, '', 'menu:add', null, '1', null, '2017-12-27 17:08:02', null);
INSERT INTO `t_menu` VALUES ('18', '5', '修改菜单', '', null, '', 'menu:update', null, '1', null, '2017-12-27 17:08:02', null);
INSERT INTO `t_menu` VALUES ('19', '5', '删除菜单', '', null, '', 'menu:delete', null, '1', null, '2017-12-27 17:08:02', null);
INSERT INTO `t_menu` VALUES ('21', '0', '老数据', '/management', null, 'management/management', 'dept:update', null, '0', null, '2017-12-27 17:09:24', '2022-01-03 16:59:10');
INSERT INTO `t_menu` VALUES ('135', '3', '密码重置', '', null, '', 'user:password:reset', null, '1', null, '2021-05-21 16:23:14', '2021-05-26 15:31:08');
INSERT INTO `t_menu` VALUES ('1010', '21', '审批管理', '/approveManagement', null, 'management/approveManagement/approveManagement', 'approveManagement:view', null, '0', '2', '2022-01-03 16:50:21', '2022-01-03 16:51:02');
INSERT INTO `t_menu` VALUES ('1011', '21', '采编管理', '/editAcquisition', null, 'management/editAcquisition/editAcquisition', 'editAcquisition:view', null, '0', '1', '2022-01-03 16:52:18', null);
INSERT INTO `t_menu` VALUES ('1012', '21', '批示管理', '/instructionsManagement', null, 'management/instructionsManagement/instructionsManagement', 'instructionsManagement:view', null, '0', '3', '2022-01-03 16:53:12', null);
INSERT INTO `t_menu` VALUES ('1013', '21', '数据统计', '/dataStatistics', null, 'management/dataStatistics/dataStatistics', 'dataStatistics:view', null, '0', '4', '2022-01-03 16:54:04', null);
INSERT INTO `t_menu` VALUES ('1014', '21', '归档管理', '/archiveManagement', null, 'management/archiveManagement/archiveManagement', 'archiveManagement:view', null, '0', '5', '2022-01-03 16:54:46', null);

-- ----------------------------
-- Table structure for t_printimage
-- ----------------------------
DROP TABLE IF EXISTS `t_printimage`;
CREATE TABLE `t_printimage` (
  `id` bigint(20) NOT NULL AUTO_INCREMENT,
  `datastatistics_id` bigint(20) NOT NULL,
  `print_image` varchar(255) NOT NULL,
  PRIMARY KEY (`id`) USING BTREE
) ENGINE=InnoDB AUTO_INCREMENT=2 DEFAULT CHARSET=utf8 ROW_FORMAT=DYNAMIC;

-- ----------------------------
-- Records of t_printimage
-- ----------------------------

-- ----------------------------
-- Table structure for t_role
-- ----------------------------
DROP TABLE IF EXISTS `t_role`;
CREATE TABLE `t_role` (
  `ROLE_ID` bigint(20) NOT NULL AUTO_INCREMENT COMMENT '角色ID',
  `ROLE_NAME` varchar(10) NOT NULL COMMENT '角色名称',
  `REMARK` varchar(100) DEFAULT NULL COMMENT '角色描述',
  `CREATE_TIME` datetime NOT NULL COMMENT '创建时间',
  `MODIFY_TIME` datetime DEFAULT NULL COMMENT '修改时间',
  PRIMARY KEY (`ROLE_ID`) USING BTREE
) ENGINE=InnoDB AUTO_INCREMENT=305 DEFAULT CHARSET=utf8 ROW_FORMAT=DYNAMIC COMMENT='角色表';

-- ----------------------------
-- Records of t_role
-- ----------------------------
INSERT INTO `t_role` VALUES ('1', '管理员', '管理员', '2017-12-27 16:23:11', '2021-06-04 09:21:44');
INSERT INTO `t_role` VALUES ('2', '注册用户', '可查看，新增，导出', '2019-01-04 14:11:28', '2021-06-04 09:14:58');
INSERT INTO `t_role` VALUES ('3', '系统监控员', '负责系统监控模块', '2019-09-01 10:30:25', '2019-09-01 10:30:37');
INSERT INTO `t_role` VALUES ('4', '测试角色', '测试角色', '2020-03-08 19:16:01', '2021-06-04 09:39:09');
INSERT INTO `t_role` VALUES ('5', '李晨心', '测试角色', '2021-02-27 16:17:55', '2021-02-27 16:32:38');
INSERT INTO `t_role` VALUES ('7', '李晨心1', '测试角色', '2021-03-04 21:06:18', null);
INSERT INTO `t_role` VALUES ('100', '省长', '省领导', '2022-01-04 09:57:36', '2022-01-04 10:41:53');
INSERT INTO `t_role` VALUES ('200', '一级审核', '管理员', '2022-01-04 10:48:58', '2022-01-04 21:57:37');
INSERT INTO `t_role` VALUES ('300', '二级审核', '副主任', '2022-01-04 10:48:58', '2022-01-04 21:12:23');
INSERT INTO `t_role` VALUES ('301', '终审', '主任', '2022-01-04 10:48:58', '2022-01-04 22:25:41');
INSERT INTO `t_role` VALUES ('302', '采编人员', '采编人员', '2022-01-04 21:55:34', null);
INSERT INTO `t_role` VALUES ('303', '运营人员', '运营', '2022-01-05 11:51:25', '2022-01-05 12:02:15');
INSERT INTO `t_role` VALUES ('304', '专用角色', '管理权限', '2022-01-05 11:53:57', null);

-- ----------------------------
-- Table structure for t_role_menu
-- ----------------------------
DROP TABLE IF EXISTS `t_role_menu`;
CREATE TABLE `t_role_menu` (
  `ROLE_ID` bigint(20) NOT NULL,
  `MENU_ID` bigint(20) NOT NULL
) ENGINE=InnoDB DEFAULT CHARSET=utf8 ROW_FORMAT=DYNAMIC COMMENT='角色菜单关联表';

-- ----------------------------
-- Records of t_role_menu
-- ----------------------------
INSERT INTO `t_role_menu` VALUES ('5', '3');
INSERT INTO `t_role_menu` VALUES ('5', '11');
INSERT INTO `t_role_menu` VALUES ('7', '3');
INSERT INTO `t_role_menu` VALUES ('7', '11');
INSERT INTO `t_role_menu` VALUES ('7', '12');
INSERT INTO `t_role_menu` VALUES ('7', '14');
INSERT INTO `t_role_menu` VALUES ('7', '15');
INSERT INTO `t_role_menu` VALUES ('2', '20');
INSERT INTO `t_role_menu` VALUES ('2', '21');
INSERT INTO `t_role_menu` VALUES ('2', '197');
INSERT INTO `t_role_menu` VALUES ('2', '1');
INSERT INTO `t_role_menu` VALUES ('2', '3');
INSERT INTO `t_role_menu` VALUES ('1', '20');
INSERT INTO `t_role_menu` VALUES ('1', '21');
INSERT INTO `t_role_menu` VALUES ('1', '196');
INSERT INTO `t_role_menu` VALUES ('1', '198');
INSERT INTO `t_role_menu` VALUES ('1', '200');
INSERT INTO `t_role_menu` VALUES ('1', '201');
INSERT INTO `t_role_menu` VALUES ('1', '202');
INSERT INTO `t_role_menu` VALUES ('1', '203');
INSERT INTO `t_role_menu` VALUES ('1', '3');
INSERT INTO `t_role_menu` VALUES ('1', '11');
INSERT INTO `t_role_menu` VALUES ('1', '12');
INSERT INTO `t_role_menu` VALUES ('1', '13');
INSERT INTO `t_role_menu` VALUES ('1', '135');
INSERT INTO `t_role_menu` VALUES ('1', '4');
INSERT INTO `t_role_menu` VALUES ('1', '14');
INSERT INTO `t_role_menu` VALUES ('1', '15');
INSERT INTO `t_role_menu` VALUES ('1', '16');
INSERT INTO `t_role_menu` VALUES ('1', '5');
INSERT INTO `t_role_menu` VALUES ('1', '17');
INSERT INTO `t_role_menu` VALUES ('1', '18');
INSERT INTO `t_role_menu` VALUES ('1', '19');
INSERT INTO `t_role_menu` VALUES ('4', '1');
INSERT INTO `t_role_menu` VALUES ('4', '3');
INSERT INTO `t_role_menu` VALUES ('4', '11');
INSERT INTO `t_role_menu` VALUES ('4', '12');
INSERT INTO `t_role_menu` VALUES ('4', '13');
INSERT INTO `t_role_menu` VALUES ('4', '135');
INSERT INTO `t_role_menu` VALUES ('1', '199');
INSERT INTO `t_role_menu` VALUES ('1', '1002');
INSERT INTO `t_role_menu` VALUES ('1', '1003');
INSERT INTO `t_role_menu` VALUES ('1', '1004');
INSERT INTO `t_role_menu` VALUES ('1', '197');
INSERT INTO `t_role_menu` VALUES ('1', '1005');
INSERT INTO `t_role_menu` VALUES ('1', '1006');
INSERT INTO `t_role_menu` VALUES ('1', '1007');
INSERT INTO `t_role_menu` VALUES ('1', '1008');
INSERT INTO `t_role_menu` VALUES ('9', '21');
INSERT INTO `t_role_menu` VALUES ('9', '199');
INSERT INTO `t_role_menu` VALUES ('9', '1002');
INSERT INTO `t_role_menu` VALUES ('9', '1004');
INSERT INTO `t_role_menu` VALUES ('9', '1006');
INSERT INTO `t_role_menu` VALUES ('9', '1007');
INSERT INTO `t_role_menu` VALUES ('9', '1008');
INSERT INTO `t_role_menu` VALUES ('8', '1010');
INSERT INTO `t_role_menu` VALUES ('8', '1013');
INSERT INTO `t_role_menu` VALUES ('1', '1010');
INSERT INTO `t_role_menu` VALUES ('1', '1011');
INSERT INTO `t_role_menu` VALUES ('100', '1010');
INSERT INTO `t_role_menu` VALUES ('302', '21');
INSERT INTO `t_role_menu` VALUES ('302', '1011');
INSERT INTO `t_role_menu` VALUES ('200', '21');
INSERT INTO `t_role_menu` VALUES ('200', '1010');
INSERT INTO `t_role_menu` VALUES ('304', '21');
INSERT INTO `t_role_menu` VALUES ('304', '1010');
INSERT INTO `t_role_menu` VALUES ('304', '1011');
INSERT INTO `t_role_menu` VALUES ('304', '1013');
INSERT INTO `t_role_menu` VALUES ('304', '1');
INSERT INTO `t_role_menu` VALUES ('304', '3');
INSERT INTO `t_role_menu` VALUES ('304', '11');
INSERT INTO `t_role_menu` VALUES ('304', '12');
INSERT INTO `t_role_menu` VALUES ('304', '13');
INSERT INTO `t_role_menu` VALUES ('304', '135');
INSERT INTO `t_role_menu` VALUES ('304', '4');
INSERT INTO `t_role_menu` VALUES ('304', '14');
INSERT INTO `t_role_menu` VALUES ('304', '15');
INSERT INTO `t_role_menu` VALUES ('304', '16');
INSERT INTO `t_role_menu` VALUES ('304', '5');
INSERT INTO `t_role_menu` VALUES ('304', '17');
INSERT INTO `t_role_menu` VALUES ('304', '18');
INSERT INTO `t_role_menu` VALUES ('304', '19');
INSERT INTO `t_role_menu` VALUES ('303', '21');
INSERT INTO `t_role_menu` VALUES ('303', '1013');
INSERT INTO `t_role_menu` VALUES ('1', '1012');
INSERT INTO `t_role_menu` VALUES ('300', '21');
INSERT INTO `t_role_menu` VALUES ('300', '1010');
INSERT INTO `t_role_menu` VALUES ('300', '1012');
INSERT INTO `t_role_menu` VALUES ('301', '21');
INSERT INTO `t_role_menu` VALUES ('301', '1010');
INSERT INTO `t_role_menu` VALUES ('301', '1012');
INSERT INTO `t_role_menu` VALUES ('301', '1013');

-- ----------------------------
-- Table structure for t_user
-- ----------------------------
DROP TABLE IF EXISTS `t_user`;
CREATE TABLE `t_user` (
  `USER_ID` bigint(20) NOT NULL AUTO_INCREMENT COMMENT '用户ID',
  `USERNAME` varchar(50) NOT NULL COMMENT '用户名',
  `PASSWORD` varchar(128) NOT NULL COMMENT '密码',
  `DEPT_ID` bigint(20) DEFAULT NULL COMMENT '部门ID',
  `EMAIL` varchar(128) DEFAULT NULL COMMENT '邮箱',
  `MOBILE` varchar(20) DEFAULT NULL COMMENT '联系电话',
  `STATUS` char(1) NOT NULL COMMENT '状态 0锁定 1有效',
  `CREATE_TIME` datetime NOT NULL COMMENT '创建时间',
  `MODIFY_TIME` datetime DEFAULT NULL COMMENT '修改时间',
  `LAST_LOGIN_TIME` datetime DEFAULT NULL COMMENT '最近访问时间',
  `SSEX` char(1) DEFAULT NULL COMMENT '性别 0男 1女 2保密',
  `IS_TAB` char(1) DEFAULT NULL COMMENT '是否开启tab，0关闭 1开启',
  `THEME` varchar(10) DEFAULT NULL COMMENT '主题',
  `AVATAR` varchar(100) DEFAULT NULL COMMENT '头像',
  `DESCRIPTION` varchar(100) DEFAULT NULL COMMENT '描述',
  PRIMARY KEY (`USER_ID`) USING BTREE,
  KEY `t_user_username` (`USERNAME`) USING BTREE,
  KEY `t_user_mobile` (`MOBILE`) USING BTREE
) ENGINE=InnoDB AUTO_INCREMENT=8888888989 DEFAULT CHARSET=utf8 ROW_FORMAT=DYNAMIC COMMENT='用户表';

-- ----------------------------
-- Records of t_user
-- ----------------------------
INSERT INTO `t_user` VALUES ('1', 'admin', '$2a$10$7pFHSlUN37SriwO4ayWXYOdzasn32Nyzlel25RuaFKg.esoiWK.FC', '2', 'mrbird@qq.com', '17788888888', '1', '2019-06-14 20:39:22', '2020-04-15 16:00:32', '2022-01-17 10:09:45', '0', '1', 'white', 'gaOngJwsRYRaVAuXXcmB.png', '我是帅比作者。');
INSERT INTO `t_user` VALUES ('15', 'scott', '$2a$10$7pFHSlUN37SriwO4ayWXYOdzasn32Nyzlel25RuaFKg.esoiWK.FC', '5', 'scott@hotmail.com', '17720888888', '1', '2019-07-20 19:00:32', '2020-04-15 16:00:42', '2021-06-04 09:19:01', '2', null, null, 'BiazfanxmamNRoxxVxka.png', null);
INSERT INTO `t_user` VALUES ('16', 'Jane', '$2a$10$7pFHSlUN37SriwO4ayWXYOdzasn32Nyzlel25RuaFKg.esoiWK.FC', '4', 'Jane@hotmail.com', '13489898989', '1', '2019-09-01 10:31:21', '2020-04-15 16:00:48', '2019-09-01 10:32:27', '1', null, null, '2dd7a2d09fa94bf8b5c52e5318868b4d9.jpg', null);
INSERT INTO `t_user` VALUES ('18', 'sss', '$2a$10$7pFHSlUN37SriwO4ayWXYOdzasn32Nyzlel25RuaFKg.esoiWK.FC', null, '', '12345678911', '1', '2021-06-03 17:52:18', null, null, '2', null, null, 'default.jpg', '');
INSERT INTO `t_user` VALUES ('19', '4321', '$2a$10$7pFHSlUN37SriwO4ayWXYOdzasn32Nyzlel25RuaFKg.esoiWK.FC', null, '', '12345678910', '1', '2021-08-13 16:58:56', null, null, '2', null, null, 'default.jpg', '');
INSERT INTO `t_user` VALUES ('101', 'wangke', '$2a$10$7pFHSlUN37SriwO4ayWXYOdzasn32Nyzlel25RuaFKg.esoiWK.FC', '2', 'mrbird@qq.com', '12345678910', '1', '2021-08-30 15:44:48', '2021-08-30 15:48:48', '2021-08-30 15:48:00', '0', '1', 'white', 'default.jpg', null);
INSERT INTO `t_user` VALUES ('1011', 'erjishenhe', '$2a$10$7pFHSlUN37SriwO4ayWXYOdzasn32Nyzlel25RuaFKg.esoiWK.FC', '2', 'mrbird@qq.com', '12345678910', '1', '2021-08-30 15:44:48', '2021-08-30 15:48:48', '2022-01-06 13:03:43', '0', '1', 'white', 'default.jpg', null);
INSERT INTO `t_user` VALUES ('1012', 'zhongshen', '$2a$10$7pFHSlUN37SriwO4ayWXYOdzasn32Nyzlel25RuaFKg.esoiWK.FC', '2', 'mrbird@qq.com', '12345678910', '1', '2021-08-30 15:44:48', '2021-08-30 15:48:48', '2022-01-06 13:04:05', '0', '1', 'white', 'default.jpg', null);
INSERT INTO `t_user` VALUES ('1013', 'yijishenhe', '$2a$10$7pFHSlUN37SriwO4ayWXYOdzasn32Nyzlel25RuaFKg.esoiWK.FC', null, '', '12345678911', '1', '2022-01-04 21:27:34', null, '2022-01-06 13:02:52', '2', null, null, 'default.jpg', '');
INSERT INTO `t_user` VALUES ('1014', 'cbry', '$2a$10$7pFHSlUN37SriwO4ayWXYOdzasn32Nyzlel25RuaFKg.esoiWK.FC', null, '', '12345678911', '1', '2022-01-04 21:55:48', null, '2022-01-06 13:02:25', '2', null, null, 'default.jpg', '');
INSERT INTO `t_user` VALUES ('1015', 'wangk', '$2a$10$7pFHSlUN37SriwO4ayWXYOdzasn32Nyzlel25RuaFKg.esoiWK.FC', null, '', '15555555555', '1', '2022-01-05 11:54:30', '2022-01-05 11:56:41', '2022-01-05 17:56:48', '2', null, null, 'default.jpg', '');
INSERT INTO `t_user` VALUES ('1016', 'dengck', '$2a$10$7pFHSlUN37SriwO4ayWXYOdzasn32Nyzlel25RuaFKg.esoiWK.FC', null, '', '18888888888', '1', '2022-01-05 11:55:06', null, '2022-01-05 12:12:40', '2', null, null, 'default.jpg', '');
INSERT INTO `t_user` VALUES ('8888888978', '任振鹤', '$2a$10$7pFHSlUN37SriwO4ayWXYOdzasn32Nyzlel25RuaFKg.esoiWK.FC', '2', 'mrbird@qq.com', '12345678910', '1', '2021-08-30 15:44:48', '2021-08-30 15:48:48', '2021-08-30 15:48:00', '0', '1', 'white', 'default.jpg', null);
INSERT INTO `t_user` VALUES ('8888888979', '石谋军', '$2a$10$7pFHSlUN37SriwO4ayWXYOdzasn32Nyzlel25RuaFKg.esoiWK.FC', '2', 'mrbird@qq.com', '12345678910', '1', '2021-08-30 15:44:48', '2021-08-30 15:48:48', '2021-08-30 15:48:00', '0', '1', 'white', 'default.jpg', null);
INSERT INTO `t_user` VALUES ('8888888980', '张世珍', '$2a$10$7pFHSlUN37SriwO4ayWXYOdzasn32Nyzlel25RuaFKg.esoiWK.FC', '2', 'mrbird@qq.com', '12345678910', '1', '2021-08-30 15:44:48', '2021-08-30 15:48:48', '2021-08-30 15:48:00', '0', '1', 'white', 'default.jpg', null);
INSERT INTO `t_user` VALUES ('8888888981', '李沛兴', '$2a$10$7pFHSlUN37SriwO4ayWXYOdzasn32Nyzlel25RuaFKg.esoiWK.FC', '2', 'mrbird@qq.com', '12345678910', '1', '2021-08-30 15:44:48', '2021-08-30 15:48:48', '2021-08-30 15:48:00', '0', '1', 'white', 'default.jpg', null);
INSERT INTO `t_user` VALUES ('8888888982', '何伟', '$2a$10$7pFHSlUN37SriwO4ayWXYOdzasn32Nyzlel25RuaFKg.esoiWK.FC', '2', 'mrbird@qq.com', '12345678910', '1', '2021-08-30 15:44:48', '2021-08-30 15:48:48', '2021-08-30 15:48:00', '0', '1', 'white', 'default.jpg', null);
INSERT INTO `t_user` VALUES ('8888888983', '余建', '$2a$10$7pFHSlUN37SriwO4ayWXYOdzasn32Nyzlel25RuaFKg.esoiWK.FC', '2', 'mrbird@qq.com', '12345678910', '1', '2021-08-30 15:44:48', '2021-08-30 15:48:48', '2021-08-30 15:48:00', '0', '1', 'white', 'default.jpg', null);
INSERT INTO `t_user` VALUES ('8888888984', '程晓波', '$2a$10$7pFHSlUN37SriwO4ayWXYOdzasn32Nyzlel25RuaFKg.esoiWK.FC', '2', 'mrbird@qq.com', '12345678910', '1', '2021-08-30 15:44:48', '2021-08-30 15:48:48', '2021-08-30 15:48:00', '0', '1', 'white', 'default.jpg', null);
INSERT INTO `t_user` VALUES ('8888888985', '孙雪涛', '$2a$10$7pFHSlUN37SriwO4ayWXYOdzasn32Nyzlel25RuaFKg.esoiWK.FC', '2', 'mrbird@qq.com', '12345678910', '1', '2021-08-30 15:44:48', '2021-08-30 15:48:48', '2021-08-30 15:48:00', '0', '1', 'white', 'default.jpg', null);
INSERT INTO `t_user` VALUES ('8888888986', '刘长根', '$2a$10$7pFHSlUN37SriwO4ayWXYOdzasn32Nyzlel25RuaFKg.esoiWK.FC', '2', 'mrbird@qq.com', '12345678910', '1', '2021-08-30 15:44:48', '2021-08-30 15:48:48', '2021-08-30 15:48:00', '0', '1', 'white', 'default.jpg', null);
INSERT INTO `t_user` VALUES ('8888888987', '张锦刚', '$2a$10$7pFHSlUN37SriwO4ayWXYOdzasn32Nyzlel25RuaFKg.esoiWK.FC', '2', 'mrbird@qq.com', '12345678910', '1', '2021-08-30 15:44:48', '2021-08-30 15:48:48', '2021-08-30 15:48:00', '0', '1', 'white', 'default.jpg', null);
INSERT INTO `t_user` VALUES ('8888888988', '李志勋', '$2a$10$7pFHSlUN37SriwO4ayWXYOdzasn32Nyzlel25RuaFKg.esoiWK.FC', '2', 'mrbird@qq.com', '12345678910', '1', '2021-08-30 15:44:48', '2021-08-30 15:48:48', '2021-08-30 15:48:00', '0', '1', 'white', 'default.jpg', null);

-- ----------------------------
-- Table structure for t_user_area
-- ----------------------------
DROP TABLE IF EXISTS `t_user_area`;
CREATE TABLE `t_user_area` (
  `USER_ID` bigint(20) NOT NULL,
  `AREA_ID` varchar(100) NOT NULL
) ENGINE=InnoDB DEFAULT CHARSET=utf8 ROW_FORMAT=DYNAMIC;

-- ----------------------------
-- Records of t_user_area
-- ----------------------------

-- ----------------------------
-- Table structure for t_user_instance_status
-- ----------------------------
DROP TABLE IF EXISTS `t_user_instance_status`;
CREATE TABLE `t_user_instance_status` (
  `report_id` bigint(20) DEFAULT NULL COMMENT '呈报ID',
  `user_id` bigint(20) DEFAULT NULL COMMENT '处理人ID',
  `result` varchar(255) DEFAULT NULL COMMENT '处理状态: 待办、已审核、已退回',
  `result_time` datetime DEFAULT NULL COMMENT '处理完成时间'
) ENGINE=InnoDB DEFAULT CHARSET=utf8 ROW_FORMAT=DYNAMIC;

-- ----------------------------
-- Records of t_user_instance_status
-- ----------------------------

-- ----------------------------
-- Table structure for t_user_role
-- ----------------------------
DROP TABLE IF EXISTS `t_user_role`;
CREATE TABLE `t_user_role` (
  `USER_ID` bigint(20) NOT NULL COMMENT '用户ID',
  `ROLE_ID` bigint(20) NOT NULL COMMENT '角色ID'
) ENGINE=InnoDB DEFAULT CHARSET=utf8 ROW_FORMAT=DYNAMIC COMMENT='用户角色关联表';

-- ----------------------------
-- Records of t_user_role
-- ----------------------------
INSERT INTO `t_user_role` VALUES ('1', '1');
INSERT INTO `t_user_role` VALUES ('15', '2');
INSERT INTO `t_user_role` VALUES ('16', '3');
INSERT INTO `t_user_role` VALUES ('18', '1');
INSERT INTO `t_user_role` VALUES ('19', '2');
INSERT INTO `t_user_role` VALUES ('101', '2');
INSERT INTO `t_user_role` VALUES ('8888888978', '100');
INSERT INTO `t_user_role` VALUES ('8888888979', '100');
INSERT INTO `t_user_role` VALUES ('8888888980', '100');
INSERT INTO `t_user_role` VALUES ('8888888981', '100');
INSERT INTO `t_user_role` VALUES ('8888888982', '100');
INSERT INTO `t_user_role` VALUES ('8888888983', '100');
INSERT INTO `t_user_role` VALUES ('8888888984', '100');
INSERT INTO `t_user_role` VALUES ('8888888985', '100');
INSERT INTO `t_user_role` VALUES ('8888888986', '100');
INSERT INTO `t_user_role` VALUES ('8888888987', '100');
INSERT INTO `t_user_role` VALUES ('8888888988', '100');
INSERT INTO `t_user_role` VALUES ('1011', '300');
INSERT INTO `t_user_role` VALUES ('1012', '301');
INSERT INTO `t_user_role` VALUES ('1013', '200');
INSERT INTO `t_user_role` VALUES ('1014', '302');
INSERT INTO `t_user_role` VALUES ('1016', '304');
INSERT INTO `t_user_role` VALUES ('1015', '304');
INSERT INTO `t_user_role` VALUES ('1015', '2');

-- ----------------------------
-- Table structure for t_collectandedit_app
-- ----------------------------
DROP TABLE IF EXISTS `t_collectandedit_app`;
CREATE TABLE `t_collectandedit_app` (
  `id` bigint(20) NOT NULL AUTO_INCREMENT COMMENT '主键',
  `create_time` datetime DEFAULT NULL COMMENT '创建时间',
  `state` varchar(20) DEFAULT NULL COMMENT '审核状态1代表已审核 0代表未审核',
  `leader_id` varchar(255) DEFAULT NULL COMMENT '呈报领导id',
  `report_time` datetime DEFAULT NULL COMMENT '呈报时间',
  `opinion` varchar(255) DEFAULT NULL COMMENT '备注',
  `title` varchar(255) DEFAULT NULL COMMENT '详情标题',
  `position` varchar(255) DEFAULT NULL COMMENT '位置',
  `category_name` varchar(255) DEFAULT NULL COMMENT '类别',
  `picture_url` varchar(255) DEFAULT NULL,
  `category_code` varchar(255) DEFAULT NULL,
  PRIMARY KEY (`id`)
) ENGINE=InnoDB DEFAULT CHARSET=utf8;

-- ----------------------------
-- Records of t_collectandedit_app
-- ----------------------------

-- ----------------------------
-- Table structure for t_datastatistics_app
-- ----------------------------
DROP TABLE IF EXISTS `t_datastatistics_app`;
CREATE TABLE `t_datastatistics_app` (
  `id` bigint(20) NOT NULL AUTO_INCREMENT,
  `report_id` bigint(20) NOT NULL,
  `leader_name` varchar(255) NOT NULL,
  `leader_id` bigint(20) NOT NULL,
  `status` varchar(255) NOT NULL,
  `instruct_picture_url` varchar(255) DEFAULT NULL,
  `read_time` datetime DEFAULT NULL,
  `instruct_time` datetime DEFAULT NULL,
  PRIMARY KEY (`id`) USING BTREE
) ENGINE=InnoDB AUTO_INCREMENT=2 DEFAULT CHARSET=utf8 ROW_FORMAT=DYNAMIC;

-- ----------------------------
-- Records of t_datastatistics_app
-- ----------------------------
INSERT INTO `t_datastatistics_app` VALUES ('1', '1', '1', '1', '12', '1', '2022-01-17 10:05:09', '2022-01-17 10:05:11');

-- ----------------------------
-- Table structure for t_data_app
-- ----------------------------
DROP TABLE IF EXISTS `t_data_app`;
CREATE TABLE `t_data_app` (
  `id` bigint(255) NOT NULL AUTO_INCREMENT,
  `report_id` bigint(255) DEFAULT NULL COMMENT 't_collectandeit表主键',
  `data_current` int(11) DEFAULT NULL,
  `data_max` int(11) DEFAULT NULL,
  `position` varchar(255) DEFAULT NULL,
  PRIMARY KEY (`id`)
) ENGINE=InnoDB DEFAULT CHARSET=utf8;

-- ----------------------------
-- Records of t_data_app
-- ----------------------------